Entity,Code,Continent,Year_Reached_7_Pct,Year_Reached_14_Pct,Year_Reached_20_Pct,Years_From_7_To_14,Years_From_14_To_20
Isle of Man,IMN,Europe,1950,1951,1971,1,20
Saint Martin (French part),MAF,North America,2015,2019,2026,4,7
Northern Mariana Islands,MNP,Oceania,2022,2028,2033,6,5
American Samoa,ASM,Oceania,2022,2035,,13,
Maldives,MDV,Asia,2031,2044,2049,13,5
Libya,LBY,Africa,2032,2046,,14,
Trinidad and Tobago,TTO,North America,2013,2027,2044,14,17
Azerbaijan,AZE,Asia,2021,2036,,15,
Bosnia and Herzegovina,BIH,Europe,1992,2007,2020,15,13
Brunei,BRN,Asia,2025,2040,,15,
French Polynesia,PYF,Oceania,2014,2029,2037,15,8
Guam,GUM,Oceania,2012,2027,,15,
Mauritius,MUS,Africa,2010,2025,2037,15,12
Wallis and Futuna,WLF,Oceania,2007,2023,2034,16,11
Vietnam,VNM,Asia,2019,2036,,17,
Greenland,GRL,Europe,2011,2029,,18,
South Korea,KOR,Asia,2000,2018,2025,18,7
Thailand,THA,Asia,2004,2022,2031,18,9
Turks and Caicos Islands,TCA,North America,2012,2030,2040,18,10
Brazil,BRA,South America,2012,2031,2046,19,15
Colombia,COL,South America,2015,2034,2049,19,15
Costa Rica,CRI,North America,2009,2028,2040,19,12
Guernsey,GGY,Europe,1950,1969,2019,19,50
Tunisia,TUN,Africa,2016,2035,2050,19,15
Albania,ALB,Europe,1999,2019,2029,20,10
Algeria,DZA,Africa,2026,2046,,20,
Austria,AUT,Europe,1950,1970,2023,20,53
Bhutan,BTN,Asia,2028,2048,,20,
Cook Islands,COK,Oceania,2005,2025,2031,20,6
Iran,IRN,Asia,2019,2039,2048,20,9
Kosovo,OWID_KOS,Europe,2013,2033,2046,20,13
Singapore,SGP,Asia,2005,2025,2038,20,13
Cape Verde,CPV,Africa,2025,2046,,21,
Vatican,VAT,Europe,1967,1988,1995,21,7
Western Sahara,ESH,Africa,2027,2048,,21,
Germany,DEU,Europe,1950,1972,2008,22,36
Panama,PAN,North America,2015,2037,,22,
Reunion,REU,Africa,2000,2022,2031,22,9
Sweden,SWE,Europe,1950,1972,2020,22,48
Venezuela,VEN,South America,2017,2039,,22,
China,CHN,Asia,2000,2023,2032,23,9
Malaysia,MYS,Asia,2022,2045,,23,
Morocco,MAR,Africa,2021,2044,,23,
New Caledonia,NCL,Oceania,2008,2031,2045,23,14
Asia,OWID_ASI,Asia,2012,2036,,24,
Asia (UN),UN_ASI,Others,2012,2036,,24,
Curacao,CUW,North America,1992,2016,2031,24,15
Indonesia,IDN,Asia,2023,2047,,24,
Japan,JPN,Asia,1970,1994,2005,24,11
Mexico,MEX,North America,2018,2042,,24,
South America,OWID_SAM,South America,2010,2034,2049,24,15
Taiwan,TWN,Asia,1994,2018,2025,24,7
India,IND,Asia,2024,2049,,25,
Jersey,JEY,Europe,1950,1975,2027,25,52
Latin America and the Caribbean (UN),UN_LAC,Others,2012,2037,,25,
United Kingdom,GBR,Europe,1950,1975,2027,25,52
Belgium,BEL,Europe,1950,1976,2023,26,47
Dominican Republic,DOM,North America,2021,2047,,26,
Ecuador,ECU,South America,2017,2043,,26,
Saint Lucia,LCA,North America,2009,2035,2050,26,15
Suriname,SUR,South America,2021,2047,,26,
Turkey,TUR,Asia,2008,2034,2046,26,12
North Korea,PRK,Asia,2002,2029,2040,27,11
North Macedonia,MKD,Europe,1990,2017,2029,27,12
Norway,NOR,Europe,1950,1977,2028,27,51
Upper-middle-income countries,OWID_UMC,Others,2002,2029,2039,27,10
Bahamas,BHS,North America,2002,2030,2046,28,16
Denmark,DNK,Europe,1950,1978,2021,28,43
Martinique,MTQ,North America,1979,2008,2018,29,10
Chile,CHL,South America,1994,2024,2037,30,13
Guadeloupe,GLP,North America,1982,2012,2021,30,9
Hong Kong,HKG,Asia,1983,2013,2022,30,9
Peru,PER,South America,2010,2041,,31,
Serbia,SRB,Europe,1964,1996,2018,32,22
Greece,GRC,Europe,1958,1991,2013,33,22
El Salvador,SLV,North America,2014,2048,,34,
Aruba,ABW,North America,1985,2020,2029,35,9
Puerto Rico,PRI,North America,1971,2006,2018,35,12
Switzerland,CHE,Europe,1950,1985,2024,35,39
Cuba,CUB,North America,1979,2015,2029,36,14
Niue,NIU,Oceania,1983,2019,,36,
Bermuda,BMU,North America,1975,2012,2022,37,10
Bulgaria,BGR,Europe,1955,1992,2015,37,23
Finland,FIN,Europe,1957,1994,2015,37,21
World,OWID_WRL,World,2002,2039,,37,
Italy,ITA,Europe,1950,1988,2007,38,19
Barbados,BRB,North America,1980,2019,2032,39,13
Croatia,HRV,Europe,1956,1996,2017,40,21
France,FRA,Europe,1950,1991,2018,41,27
Portugal,PRT,Europe,1950,1992,2014,42,22
San Marino,SMR,Europe,1950,1992,2021,42,29
Spain,ESP,Europe,1950,1992,2022,42,30
Grenada,GRD,North America,1986,2029,2050,43,21
Saint Pierre and Miquelon,SPM,North America,1965,2008,2024,43,16
Hungary,HUN,Europe,1950,1994,2020,44,26
Moldova,MDA,Europe,1976,2020,2045,44,25
Gibraltar,GIB,Europe,1950,1995,2033,45,38
Europe,OWID_EUR,Europe,1950,1996,2023,46,27
Europe (UN),UN_EUR,Others,1950,1996,2023,46,27
Luxembourg,LUX,Europe,1950,1996,2035,46,39
Montserrat,MSR,North America,1950,1996,2026,46,30
Poland,POL,Europe,1966,2012,2024,46,12
Estonia,EST,Europe,1950,1997,2020,47,23
Latvia,LVA,Europe,1950,1997,2017,47,20
Russia,RUS,Europe,1968,2017,2032,49,15
Antigua and Barbuda,ATG,North America,1978,2028,2039,50,11
Macao,MAC,Asia,1974,2024,2031,50,7
Lithuania,LTU,Europe,1950,2001,2024,51,23
Slovenia,SVN,Europe,1950,2001,2020,51,19
Belarus,BLR,Europe,1950,2002,2029,52,27
Romania,ROU,Europe,1950,2002,2025,52,23
Ukraine,UKR,Europe,1950,2002,2028,52,26
High-income countries,OWID_HIC,Others,1950,2003,2025,53,22
Georgia,GEO,Asia,1950,2004,2048,54,44
Slovakia,SVK,Europe,1961,2015,2028,54,13
Czechia,CZE,Europe,1950,2005,2020,55,15
Netherlands,NLD,Europe,1950,2005,2023,55,18
Saint Helena,SHN,Africa,1950,2005,2014,55,9
Cyprus,CYP,Asia,1966,2022,2040,56,18
Argentina,ARG,South America,1974,2032,,58,
Faroe Islands,FRO,Europe,1950,2008,2038,58,30
Malta,MLT,Europe,1950,2009,2024,59,15
Uruguay,URY,South America,1950,2009,2040,59,31
Canada,CAN,North America,1950,2010,2025,60,15
Liechtenstein,LIE,Europe,1950,2011,2023,61,12
Saint Kitts and Nevis,KNA,North America,1970,2031,2049,61,18
United States Virgin Islands,VIR,North America,1950,2011,2019,61,8
Australia,AUS,Oceania,1950,2012,2031,62,19
Jamaica,JAM,North America,1977,2040,,63,
New Zealand,NZL,Oceania,1950,2013,2031,63,18
Montenegro,MNE,Europe,1950,2014,2030,64,16
Northern America (UN),UN_NAM,Others,1950,2014,2029,64,15
United States,USA,North America,1950,2015,2029,65,14
Israel,ISR,Asia,1972,2038,,66,
Iceland,ISL,Europe,1950,2017,2038,67,21
Anguilla,AIA,North America,1959,2027,2036,68,9
Ireland,IRL,Europe,1950,2019,2036,69,17
North America,OWID_NAM,North America,1954,2023,2048,69,25
Andorra,AND,Europe,1950,2020,2030,70,10
Saint Barthelemy,BLM,North America,1950,2020,2029,70,9
Armenia,ARM,Asia,1950,2025,2040,75,15
Sint Maarten (Dutch part),SXM,North America,1950,2025,2034,75,9
Oceania,OWID_OCE,Oceania,1950,2026,,76,
Oceania (UN),UN_OCE,Others,1950,2026,,76,
Falkland Islands,FLK,South America,1950,2027,2033,77,6
Dominica,DMA,North America,1950,2028,,78,
Cayman Islands,CYM,North America,1952,2032,2041,80,9
Palau,PLW,Oceania,1950,2030,2048,80,18
Saint Vincent and the Grenadines,VCT,North America,1950,2030,,80,
Sri Lanka,LKA,Asia,1950,2030,2050,80,20
British Virgin Islands,VGB,North America,1950,2032,2041,82,9
Lebanon,LBN,Asia,1950,2037,,87,
Seychelles,SYC,Africa,1950,2040,,90,
Bonaire Sint Eustatius and Saba,BES,North America,1950,1950,2037,0,87
Monaco,MCO,Europe,1950,1950,1963,0,13
Afghanistan,AFG,Asia,,,,,
Africa,OWID_AFR,Africa,,,,,
Africa (UN),UN_AFR,Others,,,,,
Angola,AGO,Africa,,,,,
Bahrain,BHR,Asia,2043,,,,
Bangladesh,BGD,Asia,2027,,,,
Belize,BLZ,North America,2033,,,,
Benin,BEN,Africa,1950,,,,
Bolivia,BOL,South America,2035,,,,
Botswana,BWA,Africa,2047,,,,
Burkina Faso,BFA,Africa,,,,,
Burundi,BDI,Africa,,,,,
Cambodia,KHM,Asia,2028,,,,
Cameroon,CMR,Africa,,,,,
Central African Republic,CAF,Africa,,,,,
Chad,TCD,Africa,,,,,
Comoros,COM,Africa,,,,,
Congo,COG,Africa,,,,,
Cote d'Ivoire,CIV,Africa,,,,,
Democratic Republic of Congo,COD,Africa,,,,,
Djibouti,DJI,Africa,2037,,,,
East Timor,TLS,Asia,2050,,,,
Egypt,EGY,Africa,2037,,,,
Equatorial Guinea,GNQ,Africa,,,,,
Eritrea,ERI,Africa,,,,,
Eswatini,SWZ,Africa,2049,,,,
Ethiopia,ETH,Africa,,,,,
Fiji,FJI,Oceania,2028,,,,
French Guiana,GUF,South America,1950,,,,
Gabon,GAB,Africa,1950,,,,
Gambia,GMB,Africa,,,,,
Ghana,GHA,Africa,2048,,,,
Guatemala,GTM,North America,2041,,,,
Guinea,GIN,Africa,,,,,
Guinea-Bissau,GNB,Africa,,,,,
Guyana,GUY,South America,2026,,,,
Haiti,HTI,North America,2044,,,,
Honduras,HND,North America,2040,,,,
Iraq,IRQ,Asia,2048,,,,
Jordan,JOR,Asia,2033,,,,
Kazakhstan,KAZ,Asia,1980,,,,
Kenya,KEN,Africa,,,,,
Kiribati,KIR,Oceania,1950,,,,
Kuwait,KWT,Asia,,,,,
Kyrgyzstan,KGZ,Asia,1950,,,,
Laos,LAO,Asia,2039,,,,
Lesotho,LSO,Africa,,,,,
Liberia,LBR,Africa,,,,,
Low-income countries,OWID_LIC,Others,,,,,
Lower-middle-income countries,OWID_LMC,Others,2029,,,,
Madagascar,MDG,Africa,,,,,
Malawi,MWI,Africa,,,,,
Mali,MLI,Africa,,,,,
Marshall Islands,MHL,Oceania,2032,,,,
Mauritania,MRT,Africa,,,,,
Mayotte,MYT,Africa,,,,,
Micronesia (country),FSM,Oceania,2031,,,,
Mongolia,MNG,Asia,2030,,,,
Mozambique,MOZ,Africa,,,,,
Myanmar,MMR,Asia,2023,,,,
Namibia,NAM,Africa,,,,,
Nauru,NRU,Oceania,1950,,,,
Nepal,NPL,Asia,2029,,,,
Nicaragua,NIC,North America,2032,,,,
Niger,NER,Africa,,,,,
Nigeria,NGA,Africa,,,,,
Oman,OMN,Asia,,,,,
Pakistan,PAK,Asia,,,,,
Palestine,PSE,Asia,2046,,,,
Papua New Guinea,PNG,Oceania,2048,,,,
Paraguay,PRY,South America,2027,,,,
Philippines,PHL,Asia,2031,,,,
Qatar,QAT,Asia,,,,,
Rwanda,RWA,Africa,,,,,
Samoa,WSM,Oceania,2031,,,,
Sao Tome and Principe,STP,Africa,,,,,
Saudi Arabia,SAU,Asia,2047,,,,
Senegal,SEN,Africa,,,,,
Sierra Leone,SLE,Africa,,,,,
Solomon Islands,SLB,Oceania,2050,,,,
Somalia,SOM,Africa,,,,,
South Africa,ZAF,Africa,2026,,,,
South Sudan,SSD,Africa,,,,,
Sudan,SDN,Africa,,,,,
Syria,SYR,Asia,1950,,,,
Tajikistan,TJK,Asia,2046,,,,
Tanzania,TZA,Africa,,,,,
Togo,TGO,Africa,,,,,
Tokelau,TKL,Oceania,1992,,,,
Tonga,TON,Oceania,2027,,,,
Turkmenistan,TKM,Asia,2033,,,,
Tuvalu,TUV,Oceania,2025,,,,
Uganda,UGA,Africa,,,,,
United Arab Emirates,ARE,Asia,,,,,
Uzbekistan,UZB,Asia,2030,,,,
Vanuatu,VUT,Oceania,,,,,
Yemen,YEM,Asia,,,,,
Zambia,ZMB,Africa,,,,,
Zimbabwe,ZWE,Africa,,,,,
