Entity,Code,Depopulation_Risk_Score,Depopulation_Category,Super_Aged_Risk_Score,Super_Aged_Category,Actual_Depopulation_Flag,Actual_Super_Aged_Flag
Afghanistan,AFG,0.0007,Low Risk,0.0,Non-Super-Aged,0,0
Albania,ALB,0.7987,High Risk,0.9985,Super-Aged Expected,1,1
Algeria,DZA,0.0166,Low Risk,0.004,Non-Super-Aged,0,0
American Samoa,ASM,0.9233,High Risk,0.0028,Non-Super-Aged,1,0
Andorra,AND,0.0919,Low Risk,1.0,Super-Aged Expected,0,1
Angola,AGO,0.0005,Low Risk,0.0,Non-Super-Aged,0,0
Anguilla,AIA,0.0577,Low Risk,0.9971,Super-Aged Expected,0,1
Antigua and Barbuda,ATG,0.2502,Low Risk,0.946,Super-Aged Expected,0,1
Argentina,ARG,0.2074,Low Risk,0.7455,Super-Aged Expected,0,0
Armenia,ARM,0.0039,Low Risk,0.9498,Super-Aged Expected,1,1
Aruba,ABW,0.53,Moderate Risk,0.9996,Super-Aged Expected,0,1
Australia,AUS,0.126,Low Risk,0.9999,Super-Aged Expected,0,1
Austria,AUT,0.6355,High Risk,1.0,Super-Aged Expected,1,1
Azerbaijan,AZE,0.3752,Moderate Risk,0.1484,Non-Super-Aged,1,0
Bahamas,BHS,0.2426,Low Risk,0.7834,Super-Aged Expected,0,1
Bahrain,BHR,0.0036,Low Risk,0.3648,Non-Super-Aged,0,0
Bangladesh,BGD,0.0229,Low Risk,0.0006,Non-Super-Aged,0,0
Barbados,BRB,0.5456,Moderate Risk,0.9982,Super-Aged Expected,0,1
Belarus,BLR,0.7731,High Risk,0.9994,Super-Aged Expected,1,1
Belgium,BEL,0.456,Moderate Risk,1.0,Super-Aged Expected,0,1
Belize,BLZ,0.0234,Low Risk,0.0003,Non-Super-Aged,0,0
Benin,BEN,0.0017,Low Risk,0.0,Non-Super-Aged,0,0
Bermuda,BMU,0.7428,High Risk,1.0,Super-Aged Expected,1,1
Bhutan,BTN,0.1012,Low Risk,0.0074,Non-Super-Aged,0,0
Bolivia,BOL,0.0198,Low Risk,0.0,Non-Super-Aged,0,0
Bonaire Sint Eustatius and Saba,BES,0.0062,Low Risk,0.9988,Super-Aged Expected,0,1
Bosnia and Herzegovina,BIH,0.8436,High Risk,1.0,Super-Aged Expected,1,1
Botswana,BWA,0.0123,Low Risk,0.0,Non-Super-Aged,0,0
Brazil,BRA,0.1421,Low Risk,0.6981,Super-Aged Expected,0,1
British Virgin Islands,VGB,0.0278,Low Risk,0.9769,Super-Aged Expected,0,1
Brunei,BRN,0.0827,Low Risk,0.0702,Non-Super-Aged,0,0
Bulgaria,BGR,0.8145,High Risk,1.0,Super-Aged Expected,1,1
Burkina Faso,BFA,0.0025,Low Risk,0.0,Non-Super-Aged,0,0
Burundi,BDI,0.0011,Low Risk,0.0,Non-Super-Aged,0,0
Cambodia,KHM,0.0252,Low Risk,0.0001,Non-Super-Aged,0,0
Cameroon,CMR,0.0012,Low Risk,0.0,Non-Super-Aged,0,0
Canada,CAN,0.1004,Low Risk,1.0,Super-Aged Expected,0,1
Cape Verde,CPV,0.1492,Low Risk,0.0107,Non-Super-Aged,0,0
Cayman Islands,CYM,0.0161,Low Risk,0.9894,Super-Aged Expected,0,1
Central African Republic,CAF,0.0003,Low Risk,0.0,Non-Super-Aged,0,0
Chad,TCD,0.0,Low Risk,0.0,Non-Super-Aged,0,0
Chile,CHL,0.1837,Low Risk,0.9977,Super-Aged Expected,0,1
China,CHN,0.41,Moderate Risk,0.9992,Super-Aged Expected,1,1
Colombia,COL,0.0439,Low Risk,0.4016,Non-Super-Aged,0,1
Comoros,COM,0.0083,Low Risk,0.0,Non-Super-Aged,0,0
Congo,COG,0.0022,Low Risk,0.0,Non-Super-Aged,0,0
Cook Islands,COK,0.999,High Risk,0.8623,Super-Aged Expected,1,1
Costa Rica,CRI,0.1932,Low Risk,0.9771,Super-Aged Expected,0,1
Cote d'Ivoire,CIV,0.0017,Low Risk,0.0,Non-Super-Aged,0,0
Croatia,HRV,0.791,High Risk,1.0,Super-Aged Expected,1,1
Cuba,CUB,0.6292,High Risk,0.9999,Super-Aged Expected,1,1
Curacao,CUW,0.5669,Moderate Risk,0.9989,Super-Aged Expected,0,1
Cyprus,CYP,0.118,Low Risk,0.9994,Super-Aged Expected,0,1
Czechia,CZE,0.7257,High Risk,1.0,Super-Aged Expected,1,1
Democratic Republic of Congo,COD,0.0003,Low Risk,0.0,Non-Super-Aged,0,0
Denmark,DNK,0.3583,Moderate Risk,1.0,Super-Aged Expected,0,1
Djibouti,DJI,0.0234,Low Risk,0.0,Non-Super-Aged,0,0
Dominica,DMA,0.7176,High Risk,0.7087,Super-Aged Expected,1,0
Dominican Republic,DOM,0.0639,Low Risk,0.0026,Non-Super-Aged,0,0
East Timor,TLS,0.0424,Low Risk,0.0,Non-Super-Aged,0,0
Ecuador,ECU,0.0648,Low Risk,0.0359,Non-Super-Aged,0,0
Egypt,EGY,0.0065,Low Risk,0.0,Non-Super-Aged,0,0
El Salvador,SLV,0.1431,Low Risk,0.0015,Non-Super-Aged,0,0
Equatorial Guinea,GNQ,0.0028,Low Risk,0.0,Non-Super-Aged,0,0
Eritrea,ERI,0.0084,Low Risk,0.0,Non-Super-Aged,0,0
Estonia,EST,0.6451,High Risk,1.0,Super-Aged Expected,1,1
Eswatini,SWZ,0.0478,Low Risk,0.0,Non-Super-Aged,0,0
Ethiopia,ETH,0.0012,Low Risk,0.0,Non-Super-Aged,0,0
Falkland Islands,FLK,0.7155,High Risk,0.9995,Super-Aged Expected,1,1
Faroe Islands,FRO,0.1265,Low Risk,0.9992,Super-Aged Expected,0,1
Fiji,FJI,0.1279,Low Risk,0.0001,Non-Super-Aged,0,0
Finland,FIN,0.5054,Moderate Risk,1.0,Super-Aged Expected,0,1
France,FRA,0.4873,Moderate Risk,1.0,Super-Aged Expected,0,1
French Guiana,GUF,0.0181,Low Risk,0.0005,Non-Super-Aged,0,0
French Polynesia,PYF,0.3127,Moderate Risk,0.9936,Super-Aged Expected,0,1
Gabon,GAB,0.0043,Low Risk,0.0,Non-Super-Aged,0,0
Gambia,GMB,0.003,Low Risk,0.0,Non-Super-Aged,0,0
Georgia,GEO,0.4617,Moderate Risk,0.9784,Super-Aged Expected,1,1
Germany,DEU,0.4283,Moderate Risk,1.0,Super-Aged Expected,0,1
Ghana,GHA,0.0054,Low Risk,0.0,Non-Super-Aged,0,0
Gibraltar,GIB,0.0221,Low Risk,0.9999,Super-Aged Expected,0,1
Greece,GRC,0.9896,High Risk,1.0,Super-Aged Expected,1,1
Greenland,GRL,0.5051,Moderate Risk,0.1219,Non-Super-Aged,1,0
Grenada,GRD,0.4155,Moderate Risk,0.6963,Super-Aged Expected,0,1
Guadeloupe,GLP,0.8424,High Risk,1.0,Super-Aged Expected,1,1
Guam,GUM,0.1624,Low Risk,0.2869,Non-Super-Aged,0,0
Guatemala,GTM,0.0131,Low Risk,0.0,Non-Super-Aged,0,0
Guernsey,GGY,0.5168,Moderate Risk,1.0,Super-Aged Expected,0,1
Guinea,GIN,0.002,Low Risk,0.0,Non-Super-Aged,0,0
Guinea-Bissau,GNB,0.0036,Low Risk,0.0,Non-Super-Aged,0,0
Guyana,GUY,0.1239,Low Risk,0.0001,Non-Super-Aged,0,0
Haiti,HTI,0.0269,Low Risk,0.0,Non-Super-Aged,0,0
Honduras,HND,0.0098,Low Risk,0.0,Non-Super-Aged,0,0
Hong Kong,HKG,0.7326,High Risk,1.0,Super-Aged Expected,1,1
Hungary,HUN,0.5633,Moderate Risk,1.0,Super-Aged Expected,1,1
Iceland,ISL,0.0503,Low Risk,0.999,Super-Aged Expected,0,1
India,IND,0.0359,Low Risk,0.0016,Non-Super-Aged,0,0
Indonesia,IDN,0.0468,Low Risk,0.0031,Non-Super-Aged,0,0
Iran,IRN,0.0346,Low Risk,0.4369,Non-Super-Aged,0,1
Iraq,IRQ,0.0032,Low Risk,0.0,Non-Super-Aged,0,0
Ireland,IRL,0.0877,Low Risk,0.9998,Super-Aged Expected,0,1
Isle of Man,IMN,0.7373,High Risk,1.0,Super-Aged Expected,0,1
Israel,ISR,0.0386,Low Risk,0.5289,Super-Aged Expected,0,0
Italy,ITA,0.7246,High Risk,1.0,Super-Aged Expected,1,1
Jamaica,JAM,0.2963,Low Risk,0.0334,Non-Super-Aged,0,0
Japan,JPN,0.8766,High Risk,1.0,Super-Aged Expected,1,1
Jersey,JEY,0.5722,Moderate Risk,1.0,Super-Aged Expected,0,1
Jordan,JOR,0.0116,Low Risk,0.0003,Non-Super-Aged,0,0
Kazakhstan,KAZ,0.0273,Low Risk,0.0071,Non-Super-Aged,0,0
Kenya,KEN,0.0042,Low Risk,0.0,Non-Super-Aged,0,0
Kiribati,KIR,0.0211,Low Risk,0.0,Non-Super-Aged,0,0
Kosovo,OWID_KOS,0.8,High Risk,0.4563,Non-Super-Aged,1,1
Kuwait,KWT,0.0068,Low Risk,0.53,Super-Aged Expected,0,0
Kyrgyzstan,KGZ,0.0133,Low Risk,0.0001,Non-Super-Aged,0,0
Laos,LAO,0.0191,Low Risk,0.0,Non-Super-Aged,0,0
Latvia,LVA,0.76,High Risk,1.0,Super-Aged Expected,1,1
Lebanon,LBN,0.174,Low Risk,0.0543,Non-Super-Aged,0,0
Lesotho,LSO,0.0315,Low Risk,0.0,Non-Super-Aged,0,0
Liberia,LBR,0.0035,Low Risk,0.0,Non-Super-Aged,0,0
Libya,LBY,0.0385,Low Risk,0.0001,Non-Super-Aged,0,0
Liechtenstein,LIE,0.3945,Moderate Risk,1.0,Super-Aged Expected,0,1
Lithuania,LTU,0.2231,Low Risk,1.0,Super-Aged Expected,1,1
Luxembourg,LUX,0.0945,Low Risk,0.9998,Super-Aged Expected,0,1
Macao,MAC,0.0637,Low Risk,0.9999,Super-Aged Expected,0,1
Madagascar,MDG,0.0018,Low Risk,0.0,Non-Super-Aged,0,0
Malawi,MWI,0.0014,Low Risk,0.0,Non-Super-Aged,0,0
Malaysia,MYS,0.0294,Low Risk,0.0731,Non-Super-Aged,0,0
Maldives,MDV,0.157,Low Risk,0.221,Non-Super-Aged,0,1
Mali,MLI,0.0006,Low Risk,0.0,Non-Super-Aged,0,0
Malta,MLT,0.1396,Low Risk,1.0,Super-Aged Expected,0,1
Marshall Islands,MHL,0.9954,High Risk,0.0,Non-Super-Aged,1,0
Martinique,MTQ,0.9315,High Risk,1.0,Super-Aged Expected,1,1
Mauritania,MRT,0.0008,Low Risk,0.0,Non-Super-Aged,0,0
Mauritius,MUS,0.5203,Moderate Risk,0.975,Super-Aged Expected,1,1
Mayotte,MYT,0.0005,Low Risk,0.0,Non-Super-Aged,0,0
Mexico,MEX,0.0517,Low Risk,0.0163,Non-Super-Aged,0,0
Micronesia (country),FSM,0.1572,Low Risk,0.0,Non-Super-Aged,1,0
Moldova,MDA,0.8327,High Risk,0.9614,Super-Aged Expected,1,1
Monaco,MCO,0.9858,High Risk,1.0,Super-Aged Expected,1,1
Mongolia,MNG,0.024,Low Risk,0.0001,Non-Super-Aged,0,0
Montenegro,MNE,0.0397,Low Risk,0.9994,Super-Aged Expected,1,1
Montserrat,MSR,0.9109,High Risk,0.9999,Super-Aged Expected,1,1
Morocco,MAR,0.0453,Low Risk,0.0153,Non-Super-Aged,0,0
Mozambique,MOZ,0.0007,Low Risk,0.0,Non-Super-Aged,0,0
Myanmar,MMR,0.0705,Low Risk,0.0004,Non-Super-Aged,0,0
Namibia,NAM,0.0029,Low Risk,0.0,Non-Super-Aged,0,0
Nauru,NRU,0.1333,Low Risk,0.0,Non-Super-Aged,0,0
Nepal,NPL,0.2648,Low Risk,0.0001,Non-Super-Aged,1,0
Netherlands,NLD,0.2209,Low Risk,1.0,Super-Aged Expected,0,1
New Caledonia,NCL,0.107,Low Risk,0.8693,Super-Aged Expected,0,1
New Zealand,NZL,0.1766,Low Risk,0.9997,Super-Aged Expected,0,1
Nicaragua,NIC,0.0218,Low Risk,0.0004,Non-Super-Aged,0,0
Niger,NER,0.0003,Low Risk,0.0,Non-Super-Aged,0,0
Nigeria,NGA,0.0027,Low Risk,0.0,Non-Super-Aged,0,0
Niue,NIU,0.7757,High Risk,0.7998,Super-Aged Expected,1,0
North Korea,PRK,0.219,Low Risk,0.8408,Super-Aged Expected,0,1
North Macedonia,MKD,0.7466,High Risk,0.9998,Super-Aged Expected,1,1
Northern Mariana Islands,MNP,0.972,High Risk,0.8866,Super-Aged Expected,1,1
Norway,NOR,0.1332,Low Risk,1.0,Super-Aged Expected,0,1
Oman,OMN,0.0,Low Risk,0.0112,Non-Super-Aged,0,0
Pakistan,PAK,0.0101,Low Risk,0.0,Non-Super-Aged,0,0
Palau,PLW,0.5944,Moderate Risk,0.5893,Super-Aged Expected,1,1
Palestine,PSE,0.0134,Low Risk,0.0,Non-Super-Aged,0,0
Panama,PAN,0.0381,Low Risk,0.1867,Non-Super-Aged,0,0
Papua New Guinea,PNG,0.0072,Low Risk,0.0,Non-Super-Aged,0,0
Paraguay,PRY,0.0296,Low Risk,0.0006,Non-Super-Aged,0,0
Peru,PER,0.0424,Low Risk,0.095,Non-Super-Aged,0,0
Philippines,PHL,0.0429,Low Risk,0.0001,Non-Super-Aged,0,0
Poland,POL,0.6479,High Risk,1.0,Super-Aged Expected,1,1
Portugal,PRT,0.6733,High Risk,1.0,Super-Aged Expected,1,1
Puerto Rico,PRI,0.6575,High Risk,1.0,Super-Aged Expected,1,1
Qatar,QAT,0.0031,Low Risk,0.3456,Non-Super-Aged,0,0
Reunion,REU,0.309,Moderate Risk,0.9995,Super-Aged Expected,0,1
Romania,ROU,0.7644,High Risk,1.0,Super-Aged Expected,1,1
Russia,RUS,0.5644,Moderate Risk,0.997,Super-Aged Expected,1,1
Rwanda,RWA,0.0035,Low Risk,0.0,Non-Super-Aged,0,0
Saint Barthelemy,BLM,0.0864,Low Risk,1.0,Super-Aged Expected,0,1
Saint Helena,SHN,0.9786,High Risk,1.0,Super-Aged Expected,1,1
Saint Kitts and Nevis,KNA,0.3774,Moderate Risk,0.5748,Super-Aged Expected,0,1
Saint Lucia,LCA,0.2848,Low Risk,0.2796,Non-Super-Aged,0,1
Saint Martin (French part),MAF,1.0,High Risk,0.9996,Super-Aged Expected,1,1
Saint Pierre and Miquelon,SPM,0.9461,High Risk,1.0,Super-Aged Expected,1,1
Saint Vincent and the Grenadines,VCT,0.7648,High Risk,0.2813,Non-Super-Aged,1,0
Samoa,WSM,0.1088,Low Risk,0.0,Non-Super-Aged,0,0
San Marino,SMR,0.9217,High Risk,1.0,Super-Aged Expected,1,1
Sao Tome and Principe,STP,0.0076,Low Risk,0.0,Non-Super-Aged,0,0
Saudi Arabia,SAU,0.0021,Low Risk,0.0086,Non-Super-Aged,0,0
Senegal,SEN,0.0025,Low Risk,0.0,Non-Super-Aged,0,0
Serbia,SRB,0.8026,High Risk,1.0,Super-Aged Expected,1,1
Seychelles,SYC,0.0146,Low Risk,0.1141,Non-Super-Aged,0,0
Sierra Leone,SLE,0.0034,Low Risk,0.0,Non-Super-Aged,0,0
Singapore,SGP,0.1341,Low Risk,0.9986,Super-Aged Expected,0,1
Sint Maarten (Dutch part),SXM,0.0732,Low Risk,0.9993,Super-Aged Expected,0,1
Slovakia,SVK,0.5093,Moderate Risk,0.9999,Super-Aged Expected,0,1
Slovenia,SVN,0.6082,High Risk,1.0,Super-Aged Expected,0,1
Solomon Islands,SLB,0.0032,Low Risk,0.0,Non-Super-Aged,0,0
Somalia,SOM,0.0002,Low Risk,0.0,Non-Super-Aged,0,0
South Africa,ZAF,0.0212,Low Risk,0.0001,Non-Super-Aged,0,0
South Korea,KOR,0.5128,Moderate Risk,1.0,Super-Aged Expected,1,1
South Sudan,SSD,0.0,Low Risk,0.0,Non-Super-Aged,0,0
Spain,ESP,0.5427,Moderate Risk,1.0,Super-Aged Expected,0,1
Sri Lanka,LKA,0.1439,Low Risk,0.7153,Super-Aged Expected,0,1
Sudan,SDN,0.138,Low Risk,0.0,Non-Super-Aged,0,0
Suriname,SUR,0.0779,Low Risk,0.0034,Non-Super-Aged,0,0
Sweden,SWE,0.332,Moderate Risk,1.0,Super-Aged Expected,0,1
Switzerland,CHE,0.2892,Low Risk,1.0,Super-Aged Expected,0,1
Syria,SYR,0.0,Low Risk,0.0,Non-Super-Aged,0,0
Taiwan,TWN,0.7108,High Risk,1.0,Super-Aged Expected,1,1
Tajikistan,TJK,0.0055,Low Risk,0.0,Non-Super-Aged,0,0
Tanzania,TZA,0.0007,Low Risk,0.0,Non-Super-Aged,0,0
Thailand,THA,0.402,Moderate Risk,0.9989,Super-Aged Expected,1,1
Togo,TGO,0.0034,Low Risk,0.0,Non-Super-Aged,0,0
Tokelau,TKL,0.0001,Low Risk,0.0045,Non-Super-Aged,1,0
Tonga,TON,0.5161,Moderate Risk,0.0,Non-Super-Aged,1,0
Trinidad and Tobago,TTO,0.252,Low Risk,0.8997,Super-Aged Expected,0,1
Tunisia,TUN,0.1072,Low Risk,0.3007,Non-Super-Aged,0,1
Turkey,TUR,0.1923,Low Risk,0.555,Super-Aged Expected,0,1
Turkmenistan,TKM,0.0083,Low Risk,0.0,Non-Super-Aged,0,0
Turks and Caicos Islands,TCA,0.1795,Low Risk,0.9921,Super-Aged Expected,0,1
Tuvalu,TUV,0.946,High Risk,0.0,Non-Super-Aged,1,0
Uganda,UGA,0.0008,Low Risk,0.0,Non-Super-Aged,0,0
Ukraine,UKR,0.9489,High Risk,0.9998,Super-Aged Expected,1,1
United Arab Emirates,ARE,0.0002,Low Risk,0.2483,Non-Super-Aged,0,0
United Kingdom,GBR,0.2141,Low Risk,1.0,Super-Aged Expected,0,1
United States,USA,0.1905,Low Risk,0.9995,Super-Aged Expected,0,1
United States Virgin Islands,VIR,0.9388,High Risk,1.0,Super-Aged Expected,1,1
Uruguay,URY,0.5081,Moderate Risk,0.9949,Super-Aged Expected,1,1
Uzbekistan,UZB,0.0053,Low Risk,0.0001,Non-Super-Aged,0,0
Vanuatu,VUT,0.0044,Low Risk,0.0,Non-Super-Aged,0,0
Vatican,VAT,0.9993,High Risk,1.0,Super-Aged Expected,1,1
Venezuela,VEN,0.1632,Low Risk,0.0088,Non-Super-Aged,0,0
Vietnam,VNM,0.0842,Low Risk,0.1454,Non-Super-Aged,0,0
Wallis and Futuna,WLF,0.8844,High Risk,0.9967,Super-Aged Expected,1,1
Western Sahara,ESH,0.0118,Low Risk,0.0104,Non-Super-Aged,0,0
Yemen,YEM,0.0005,Low Risk,0.0,Non-Super-Aged,0,0
Zambia,ZMB,0.0008,Low Risk,0.0,Non-Super-Aged,0,0
Zimbabwe,ZWE,0.0086,Low Risk,0.0,Non-Super-Aged,0,0
