Column,Description,Type
Entity,"Country, continent, or geographic area name",string
Code,ISO alpha-3 country code when available,string
Continent,Continent name mapped for cross-regional benchmarking,string
Region_Type,"Hierarchical level: Thế Giới, Châu Lục, Quốc Gia, Vùng & Khối Thu Nhập (Others)",string
Year,Observation/projection year (1950-2050),integer
DataStatus,estimate (1950-2023) or projected (2024-2050),string
Population,Total population headcount,float
Population growth rate,Annual population growth rate in percent,float
Natural population growth rate,Rate of natural increase (Births minus Deaths) in percent,float
Total fertility rate,Average children born per woman (TFR),float
Median age,Median age of the population in years,float
Life expectancy,Life expectancy at birth in years,float
Births,Total number of live births per year,float
Deaths,Total number of deaths per year,float
Older people (65+ years),Population aged 65 and over,float
Working-age adults (15-64 years),Population aged 15 to 64,float
Children (under-15s),Population aged 0 to 14,float
Share of population aged 65+,Percentage of older adults in total population,float
Old-age dependency ratio,Ratio of older people (65+) per 100 working-age adults (15-64),float
Potential support ratio,Number of working-age adults (15-64) per one older adult (65+),float
GDP per capita,GDP per capita based on purchasing power parity (PPP) in constant 2017 international-$,float
