Entity,Code,Continent,Year_Reached_7_Pct,Year_Reached_14_Pct,Year_Reached_20_Pct,Years_From_7_To_14,Years_From_14_To_20,Region_Type,Is_Country
Isle of Man,IMN,Europe,1950,1951,1971,1,20,Quốc Gia,True
Saint Martin (French part),MAF,North America,2015,2019,2026,4,7,Quốc Gia,True
Northern Mariana Islands,MNP,Oceania,2022,2028,2033,6,5,Quốc Gia,True
American Samoa,ASM,Oceania,2022,2035,,13,,Quốc Gia,True
Maldives,MDV,Asia,2031,2044,2049,13,5,Quốc Gia,True
Libya,LBY,Africa,2032,2046,,14,,Quốc Gia,True
Trinidad and Tobago,TTO,North America,2013,2027,2044,14,17,Quốc Gia,True
Azerbaijan,AZE,Asia,2021,2036,,15,,Quốc Gia,True
Bosnia and Herzegovina,BIH,Europe,1992,2007,2020,15,13,Quốc Gia,True
Brunei,BRN,Asia,2025,2040,,15,,Quốc Gia,True
French Polynesia,PYF,Oceania,2014,2029,2037,15,8,Quốc Gia,True
Guam,GUM,Oceania,2012,2027,,15,,Quốc Gia,True
Mauritius,MUS,Africa,2010,2025,2037,15,12,Quốc Gia,True
Wallis and Futuna,WLF,Oceania,2007,2023,2034,16,11,Quốc Gia,True
Vietnam,VNM,Asia,2019,2036,,17,,Quốc Gia,True
Greenland,GRL,Europe,2011,2029,,18,,Quốc Gia,True
South Korea,KOR,Asia,2000,2018,2025,18,7,Quốc Gia,True
Thailand,THA,Asia,2004,2022,2031,18,9,Quốc Gia,True
Turks and Caicos Islands,TCA,North America,2012,2030,2040,18,10,Quốc Gia,True
Brazil,BRA,South America,2012,2031,2046,19,15,Quốc Gia,True
Colombia,COL,South America,2015,2034,2049,19,15,Quốc Gia,True
Costa Rica,CRI,North America,2009,2028,2040,19,12,Quốc Gia,True
Guernsey,GGY,Europe,1950,1969,2019,19,50,Quốc Gia,True
Tunisia,TUN,Africa,2016,2035,2050,19,15,Quốc Gia,True
Albania,ALB,Europe,1999,2019,2029,20,10,Quốc Gia,True
Algeria,DZA,Africa,2026,2046,,20,,Quốc Gia,True
Austria,AUT,Europe,1950,1970,2023,20,53,Quốc Gia,True
Bhutan,BTN,Asia,2028,2048,,20,,Quốc Gia,True
Cook Islands,COK,Oceania,2005,2025,2031,20,6,Quốc Gia,True
Iran,IRN,Asia,2019,2039,2048,20,9,Quốc Gia,True
Kosovo,OWID_KOS,Europe,2013,2033,2046,20,13,Quốc Gia,True
Singapore,SGP,Asia,2005,2025,2038,20,13,Quốc Gia,True
Cape Verde,CPV,Africa,2025,2046,,21,,Quốc Gia,True
Vatican,VAT,Europe,1967,1988,1995,21,7,Quốc Gia,True
Western Sahara,ESH,Africa,2027,2048,,21,,Quốc Gia,True
Germany,DEU,Europe,1950,1972,2008,22,36,Quốc Gia,True
Panama,PAN,North America,2015,2037,,22,,Quốc Gia,True
Reunion,REU,Africa,2000,2022,2031,22,9,Quốc Gia,True
Sweden,SWE,Europe,1950,1972,2020,22,48,Quốc Gia,True
Venezuela,VEN,South America,2017,2039,,22,,Quốc Gia,True
China,CHN,Asia,2000,2023,2032,23,9,Quốc Gia,True
Malaysia,MYS,Asia,2022,2045,,23,,Quốc Gia,True
Morocco,MAR,Africa,2021,2044,,23,,Quốc Gia,True
New Caledonia,NCL,Oceania,2008,2031,2045,23,14,Quốc Gia,True
Asia,OWID_ASI,Asia,2012,2036,,24,,Khối Thu Nhập,False
Curacao,CUW,North America,1992,2016,2031,24,15,Quốc Gia,True
Indonesia,IDN,Asia,2023,2047,,24,,Quốc Gia,True
Japan,JPN,Asia,1970,1994,2005,24,11,Quốc Gia,True
Mexico,MEX,North America,2018,2042,,24,,Quốc Gia,True
South America,OWID_SAM,South America,2010,2034,2049,24,15,Khối Thu Nhập,False
Taiwan,TWN,Asia,1994,2018,2025,24,7,Quốc Gia,True
India,IND,Asia,2024,2049,,25,,Quốc Gia,True
Jersey,JEY,Europe,1950,1975,2027,25,52,Quốc Gia,True
United Kingdom,GBR,Europe,1950,1975,2027,25,52,Quốc Gia,True
Belgium,BEL,Europe,1950,1976,2023,26,47,Quốc Gia,True
Dominican Republic,DOM,North America,2021,2047,,26,,Quốc Gia,True
Ecuador,ECU,South America,2017,2043,,26,,Quốc Gia,True
Saint Lucia,LCA,North America,2009,2035,2050,26,15,Quốc Gia,True
Suriname,SUR,South America,2021,2047,,26,,Quốc Gia,True
Turkey,TUR,Asia,2008,2034,2046,26,12,Quốc Gia,True
North Korea,PRK,Asia,2002,2029,2040,27,11,Quốc Gia,True
North Macedonia,MKD,Europe,1990,2017,2029,27,12,Quốc Gia,True
Norway,NOR,Europe,1950,1977,2028,27,51,Quốc Gia,True
Upper-middle-income countries,OWID_UMC,Others,2002,2029,2039,27,10,Khối Thu Nhập,False
Bahamas,BHS,North America,2002,2030,2046,28,16,Quốc Gia,True
Denmark,DNK,Europe,1950,1978,2021,28,43,Quốc Gia,True
Martinique,MTQ,North America,1979,2008,2018,29,10,Quốc Gia,True
Chile,CHL,South America,1994,2024,2037,30,13,Quốc Gia,True
Guadeloupe,GLP,North America,1982,2012,2021,30,9,Quốc Gia,True
Hong Kong,HKG,Asia,1983,2013,2022,30,9,Quốc Gia,True
Peru,PER,South America,2010,2041,,31,,Quốc Gia,True
Serbia,SRB,Europe,1964,1996,2018,32,22,Quốc Gia,True
Greece,GRC,Europe,1958,1991,2013,33,22,Quốc Gia,True
El Salvador,SLV,North America,2014,2048,,34,,Quốc Gia,True
Aruba,ABW,North America,1985,2020,2029,35,9,Quốc Gia,True
Puerto Rico,PRI,North America,1971,2006,2018,35,12,Quốc Gia,True
Switzerland,CHE,Europe,1950,1985,2024,35,39,Quốc Gia,True
Cuba,CUB,North America,1979,2015,2029,36,14,Quốc Gia,True
Niue,NIU,Oceania,1983,2019,,36,,Quốc Gia,True
Bermuda,BMU,North America,1975,2012,2022,37,10,Quốc Gia,True
Bulgaria,BGR,Europe,1955,1992,2015,37,23,Quốc Gia,True
Finland,FIN,Europe,1957,1994,2015,37,21,Quốc Gia,True
World,OWID_WRL,World,2002,2039,,37,,Khối Thu Nhập,False
Italy,ITA,Europe,1950,1988,2007,38,19,Quốc Gia,True
Barbados,BRB,North America,1980,2019,2032,39,13,Quốc Gia,True
Croatia,HRV,Europe,1956,1996,2017,40,21,Quốc Gia,True
France,FRA,Europe,1950,1991,2018,41,27,Quốc Gia,True
Portugal,PRT,Europe,1950,1992,2014,42,22,Quốc Gia,True
San Marino,SMR,Europe,1950,1992,2021,42,29,Quốc Gia,True
Spain,ESP,Europe,1950,1992,2022,42,30,Quốc Gia,True
Grenada,GRD,North America,1986,2029,2050,43,21,Quốc Gia,True
Saint Pierre and Miquelon,SPM,North America,1965,2008,2024,43,16,Quốc Gia,True
Hungary,HUN,Europe,1950,1994,2020,44,26,Quốc Gia,True
Moldova,MDA,Europe,1976,2020,2045,44,25,Quốc Gia,True
Gibraltar,GIB,Europe,1950,1995,2033,45,38,Quốc Gia,True
Europe,OWID_EUR,Europe,1950,1996,2023,46,27,Khối Thu Nhập,False
Luxembourg,LUX,Europe,1950,1996,2035,46,39,Quốc Gia,True
Montserrat,MSR,North America,1950,1996,2026,46,30,Quốc Gia,True
Poland,POL,Europe,1966,2012,2024,46,12,Quốc Gia,True
Estonia,EST,Europe,1950,1997,2020,47,23,Quốc Gia,True
Latvia,LVA,Europe,1950,1997,2017,47,20,Quốc Gia,True
Russia,RUS,Europe,1968,2017,2032,49,15,Quốc Gia,True
Antigua and Barbuda,ATG,North America,1978,2028,2039,50,11,Quốc Gia,True
Macao,MAC,Asia,1974,2024,2031,50,7,Quốc Gia,True
Lithuania,LTU,Europe,1950,2001,2024,51,23,Quốc Gia,True
Slovenia,SVN,Europe,1950,2001,2020,51,19,Quốc Gia,True
Belarus,BLR,Europe,1950,2002,2029,52,27,Quốc Gia,True
Romania,ROU,Europe,1950,2002,2025,52,23,Quốc Gia,True
Ukraine,UKR,Europe,1950,2002,2028,52,26,Quốc Gia,True
High-income countries,OWID_HIC,Others,1950,2003,2025,53,22,Khối Thu Nhập,False
Georgia,GEO,Asia,1950,2004,2048,54,44,Quốc Gia,True
Slovakia,SVK,Europe,1961,2015,2028,54,13,Quốc Gia,True
Czechia,CZE,Europe,1950,2005,2020,55,15,Quốc Gia,True
Netherlands,NLD,Europe,1950,2005,2023,55,18,Quốc Gia,True
Saint Helena,SHN,Africa,1950,2005,2014,55,9,Quốc Gia,True
Cyprus,CYP,Asia,1966,2022,2040,56,18,Quốc Gia,True
Argentina,ARG,South America,1974,2032,,58,,Quốc Gia,True
Faroe Islands,FRO,Europe,1950,2008,2038,58,30,Quốc Gia,True
Malta,MLT,Europe,1950,2009,2024,59,15,Quốc Gia,True
Uruguay,URY,South America,1950,2009,2040,59,31,Quốc Gia,True
Canada,CAN,North America,1950,2010,2025,60,15,Quốc Gia,True
Liechtenstein,LIE,Europe,1950,2011,2023,61,12,Quốc Gia,True
Saint Kitts and Nevis,KNA,North America,1970,2031,2049,61,18,Quốc Gia,True
United States Virgin Islands,VIR,North America,1950,2011,2019,61,8,Quốc Gia,True
Australia,AUS,Oceania,1950,2012,2031,62,19,Quốc Gia,True
Jamaica,JAM,North America,1977,2040,,63,,Quốc Gia,True
New Zealand,NZL,Oceania,1950,2013,2031,63,18,Quốc Gia,True
Montenegro,MNE,Europe,1950,2014,2030,64,16,Quốc Gia,True
United States,USA,North America,1950,2015,2029,65,14,Quốc Gia,True
Israel,ISR,Asia,1972,2038,,66,,Quốc Gia,True
Iceland,ISL,Europe,1950,2017,2038,67,21,Quốc Gia,True
Anguilla,AIA,North America,1959,2027,2036,68,9,Quốc Gia,True
Ireland,IRL,Europe,1950,2019,2036,69,17,Quốc Gia,True
North America,OWID_NAM,North America,1954,2023,2048,69,25,Khối Thu Nhập,False
Andorra,AND,Europe,1950,2020,2030,70,10,Quốc Gia,True
Saint Barthelemy,BLM,North America,1950,2020,2029,70,9,Quốc Gia,True
Armenia,ARM,Asia,1950,2025,2040,75,15,Quốc Gia,True
Sint Maarten (Dutch part),SXM,North America,1950,2025,2034,75,9,Quốc Gia,True
Oceania,OWID_OCE,Oceania,1950,2026,,76,,Khối Thu Nhập,False
Falkland Islands,FLK,South America,1950,2027,2033,77,6,Quốc Gia,True
Dominica,DMA,North America,1950,2028,,78,,Quốc Gia,True
Cayman Islands,CYM,North America,1952,2032,2041,80,9,Quốc Gia,True
Palau,PLW,Oceania,1950,2030,2048,80,18,Quốc Gia,True
Saint Vincent and the Grenadines,VCT,North America,1950,2030,,80,,Quốc Gia,True
Sri Lanka,LKA,Asia,1950,2030,2050,80,20,Quốc Gia,True
British Virgin Islands,VGB,North America,1950,2032,2041,82,9,Quốc Gia,True
Lebanon,LBN,Asia,1950,2037,,87,,Quốc Gia,True
Seychelles,SYC,Africa,1950,2040,,90,,Quốc Gia,True
Bonaire Sint Eustatius and Saba,BES,North America,1950,1950,2037,0,87,Quốc Gia,True
Monaco,MCO,Europe,1950,1950,1963,0,13,Quốc Gia,True
Afghanistan,AFG,Asia,,,,,,Quốc Gia,True
Africa,OWID_AFR,Africa,,,,,,Khối Thu Nhập,False
Angola,AGO,Africa,,,,,,Quốc Gia,True
Bahrain,BHR,Asia,2043,,,,,Quốc Gia,True
Bangladesh,BGD,Asia,2027,,,,,Quốc Gia,True
Belize,BLZ,North America,2033,,,,,Quốc Gia,True
Benin,BEN,Africa,1950,,,,,Quốc Gia,True
Bolivia,BOL,South America,2035,,,,,Quốc Gia,True
Botswana,BWA,Africa,2047,,,,,Quốc Gia,True
Burkina Faso,BFA,Africa,,,,,,Quốc Gia,True
Burundi,BDI,Africa,,,,,,Quốc Gia,True
Cambodia,KHM,Asia,2028,,,,,Quốc Gia,True
Cameroon,CMR,Africa,,,,,,Quốc Gia,True
Central African Republic,CAF,Africa,,,,,,Quốc Gia,True
Chad,TCD,Africa,,,,,,Quốc Gia,True
Comoros,COM,Africa,,,,,,Quốc Gia,True
Congo,COG,Africa,,,,,,Quốc Gia,True
Cote d'Ivoire,CIV,Africa,,,,,,Quốc Gia,True
Democratic Republic of Congo,COD,Africa,,,,,,Quốc Gia,True
Djibouti,DJI,Africa,2037,,,,,Quốc Gia,True
East Timor,TLS,Asia,2050,,,,,Quốc Gia,True
Egypt,EGY,Africa,2037,,,,,Quốc Gia,True
Equatorial Guinea,GNQ,Africa,,,,,,Quốc Gia,True
Eritrea,ERI,Africa,,,,,,Quốc Gia,True
Eswatini,SWZ,Africa,2049,,,,,Quốc Gia,True
Ethiopia,ETH,Africa,,,,,,Quốc Gia,True
Fiji,FJI,Oceania,2028,,,,,Quốc Gia,True
French Guiana,GUF,South America,1950,,,,,Quốc Gia,True
Gabon,GAB,Africa,1950,,,,,Quốc Gia,True
Gambia,GMB,Africa,,,,,,Quốc Gia,True
Ghana,GHA,Africa,2048,,,,,Quốc Gia,True
Guatemala,GTM,North America,2041,,,,,Quốc Gia,True
Guinea,GIN,Africa,,,,,,Quốc Gia,True
Guinea-Bissau,GNB,Africa,,,,,,Quốc Gia,True
Guyana,GUY,South America,2026,,,,,Quốc Gia,True
Haiti,HTI,North America,2044,,,,,Quốc Gia,True
Honduras,HND,North America,2040,,,,,Quốc Gia,True
Iraq,IRQ,Asia,2048,,,,,Quốc Gia,True
Jordan,JOR,Asia,2033,,,,,Quốc Gia,True
Kazakhstan,KAZ,Asia,1980,,,,,Quốc Gia,True
Kenya,KEN,Africa,,,,,,Quốc Gia,True
Kiribati,KIR,Oceania,1950,,,,,Quốc Gia,True
Kuwait,KWT,Asia,,,,,,Quốc Gia,True
Kyrgyzstan,KGZ,Asia,1950,,,,,Quốc Gia,True
Laos,LAO,Asia,2039,,,,,Quốc Gia,True
Lesotho,LSO,Africa,,,,,,Quốc Gia,True
Liberia,LBR,Africa,,,,,,Quốc Gia,True
Low-income countries,OWID_LIC,Others,,,,,,Khối Thu Nhập,False
Lower-middle-income countries,OWID_LMC,Others,2029,,,,,Khối Thu Nhập,False
Madagascar,MDG,Africa,,,,,,Quốc Gia,True
Malawi,MWI,Africa,,,,,,Quốc Gia,True
Mali,MLI,Africa,,,,,,Quốc Gia,True
Marshall Islands,MHL,Oceania,2032,,,,,Quốc Gia,True
Mauritania,MRT,Africa,,,,,,Quốc Gia,True
Mayotte,MYT,Africa,,,,,,Quốc Gia,True
Micronesia (country),FSM,Oceania,2031,,,,,Quốc Gia,True
Mongolia,MNG,Asia,2030,,,,,Quốc Gia,True
Mozambique,MOZ,Africa,,,,,,Quốc Gia,True
Myanmar,MMR,Asia,2023,,,,,Quốc Gia,True
Namibia,NAM,Africa,,,,,,Quốc Gia,True
Nauru,NRU,Oceania,1950,,,,,Quốc Gia,True
Nepal,NPL,Asia,2029,,,,,Quốc Gia,True
Nicaragua,NIC,North America,2032,,,,,Quốc Gia,True
Niger,NER,Africa,,,,,,Quốc Gia,True
Nigeria,NGA,Africa,,,,,,Quốc Gia,True
Oman,OMN,Asia,,,,,,Quốc Gia,True
Pakistan,PAK,Asia,,,,,,Quốc Gia,True
Palestine,PSE,Asia,2046,,,,,Quốc Gia,True
Papua New Guinea,PNG,Oceania,2048,,,,,Quốc Gia,True
Paraguay,PRY,South America,2027,,,,,Quốc Gia,True
Philippines,PHL,Asia,2031,,,,,Quốc Gia,True
Qatar,QAT,Asia,,,,,,Quốc Gia,True
Rwanda,RWA,Africa,,,,,,Quốc Gia,True
Samoa,WSM,Oceania,2031,,,,,Quốc Gia,True
Sao Tome and Principe,STP,Africa,,,,,,Quốc Gia,True
Saudi Arabia,SAU,Asia,2047,,,,,Quốc Gia,True
Senegal,SEN,Africa,,,,,,Quốc Gia,True
Sierra Leone,SLE,Africa,,,,,,Quốc Gia,True
Solomon Islands,SLB,Oceania,2050,,,,,Quốc Gia,True
Somalia,SOM,Africa,,,,,,Quốc Gia,True
South Africa,ZAF,Africa,2026,,,,,Quốc Gia,True
South Sudan,SSD,Africa,,,,,,Quốc Gia,True
Sudan,SDN,Africa,,,,,,Quốc Gia,True
Syria,SYR,Asia,1950,,,,,Quốc Gia,True
Tajikistan,TJK,Asia,2046,,,,,Quốc Gia,True
Tanzania,TZA,Africa,,,,,,Quốc Gia,True
Togo,TGO,Africa,,,,,,Quốc Gia,True
Tokelau,TKL,Oceania,1992,,,,,Quốc Gia,True
Tonga,TON,Oceania,2027,,,,,Quốc Gia,True
Turkmenistan,TKM,Asia,2033,,,,,Quốc Gia,True
Tuvalu,TUV,Oceania,2025,,,,,Quốc Gia,True
Uganda,UGA,Africa,,,,,,Quốc Gia,True
United Arab Emirates,ARE,Asia,,,,,,Quốc Gia,True
Uzbekistan,UZB,Asia,2030,,,,,Quốc Gia,True
Vanuatu,VUT,Oceania,,,,,,Quốc Gia,True
Yemen,YEM,Asia,,,,,,Quốc Gia,True
Zambia,ZMB,Africa,,,,,,Quốc Gia,True
Zimbabwe,ZWE,Africa,,,,,,Quốc Gia,True
