Problem,Threshold,Accuracy,Precision,Recall,F1_Score,True_Positive,False_Positive,False_Negative,True_Negative,Global_Flagged_Countries
Xã hội Siêu già 2050 (65+ >= 20%),0.1,96.72,93.55,100.0,96.67,29,2,0,30,126
Nguy cơ Suy giảm Dân số 2050,0.1,82.26,64.52,100.0,78.43,20,11,0,31,114
Xã hội Siêu già 2050 (65+ >= 20%),0.15,95.08,93.33,96.55,94.92,28,2,1,30,121
Nguy cơ Suy giảm Dân số 2050,0.15,87.1,71.43,100.0,83.33,20,8,0,34,103
Xã hội Siêu già 2050 (65+ >= 20%),0.2,95.08,93.33,96.55,94.92,28,2,1,30,119
Nguy cơ Suy giảm Dân số 2050,0.2,87.1,71.43,100.0,83.33,20,8,0,34,99
Xã hội Siêu già 2050 (65+ >= 20%),0.25,95.08,93.33,96.55,94.92,28,2,1,30,119
Nguy cơ Suy giảm Dân số 2050,0.25,88.71,74.07,100.0,85.11,20,7,0,35,96
Xã hội Siêu già 2050 (65+ >= 20%),0.3,95.08,93.33,96.55,94.92,28,2,1,30,118
Nguy cơ Suy giảm Dân số 2050,0.3,87.1,73.08,95.0,82.61,19,7,1,35,92
Xã hội Siêu già 2050 (65+ >= 20%),0.35,95.08,93.33,96.55,94.92,28,2,1,30,116
Nguy cơ Suy giảm Dân số 2050,0.35,87.1,73.08,95.0,82.61,19,7,1,35,89
Xã hội Siêu già 2050 (65+ >= 20%),0.4,95.08,93.33,96.55,94.92,28,2,1,30,115
Nguy cơ Suy giảm Dân số 2050,0.4,88.71,76.0,95.0,84.44,19,6,1,36,84
Xã hội Siêu già 2050 (65+ >= 20%),0.45,95.08,93.33,96.55,94.92,28,2,1,30,115
Nguy cơ Suy giảm Dân số 2050,0.45,88.71,76.0,95.0,84.44,19,6,1,36,82
Xã hội Siêu già 2050 (65+ >= 20%),0.5,95.08,93.33,96.55,94.92,28,2,1,30,113
Nguy cơ Suy giảm Dân số 2050,0.5,88.71,76.0,95.0,84.44,19,6,1,36,80
Xã hội Siêu già 2050 (65+ >= 20%),0.55,95.08,93.33,96.55,94.92,28,2,1,30,113
Nguy cơ Suy giảm Dân số 2050,0.55,91.94,82.61,95.0,88.37,19,4,1,38,77
Xã hội Siêu già 2050 (65+ >= 20%),0.6,98.36,100.0,96.55,98.25,28,0,1,32,111
Nguy cơ Suy giảm Dân số 2050,0.6,93.55,86.36,95.0,90.48,19,3,1,39,75
Xã hội Siêu già 2050 (65+ >= 20%),0.65,98.36,100.0,96.55,98.25,28,0,1,32,109
Nguy cơ Suy giảm Dân số 2050,0.65,91.94,89.47,85.0,87.18,17,2,3,40,70
Xã hội Siêu già 2050 (65+ >= 20%),0.7,98.36,100.0,96.55,98.25,28,0,1,32,107
Nguy cơ Suy giảm Dân số 2050,0.7,88.71,88.24,75.0,81.08,15,2,5,40,66
Xã hội Siêu già 2050 (65+ >= 20%),0.75,96.72,100.0,93.1,96.43,27,0,2,32,106
Nguy cơ Suy giảm Dân số 2050,0.75,88.71,88.24,75.0,81.08,15,2,5,40,65
Xã hội Siêu già 2050 (65+ >= 20%),0.8,95.08,100.0,89.66,94.55,26,0,3,32,103
Nguy cơ Suy giảm Dân số 2050,0.8,85.48,86.67,65.0,74.29,13,2,7,40,58
Xã hội Siêu già 2050 (65+ >= 20%),0.85,93.44,100.0,86.21,92.59,25,0,4,32,102
Nguy cơ Suy giảm Dân số 2050,0.85,83.87,85.71,60.0,70.59,12,2,8,40,56
Xã hội Siêu già 2050 (65+ >= 20%),0.9,93.44,100.0,86.21,92.59,25,0,4,32,100
Nguy cơ Suy giảm Dân số 2050,0.9,80.65,90.0,45.0,60.0,9,1,11,41,49
