entity,slug,code,year,population,source_url
Afghanistan,afghanistan,afghanistan,2024,42889085,https://worldpopulationreview.com/countries/afghanistan
Afghanistan,afghanistan,afghanistan,2025,43844111,https://worldpopulationreview.com/countries/afghanistan
Afghanistan,afghanistan,afghanistan,2026,45047069,https://worldpopulationreview.com/countries/afghanistan
Albania,albania,albania,2024,2791597,https://worldpopulationreview.com/countries/albania
Albania,albania,albania,2025,2771508,https://worldpopulationreview.com/countries/albania
Albania,albania,albania,2026,2751025,https://worldpopulationreview.com/countries/albania
Algeria,algeria,algeria,2024,46756668,https://worldpopulationreview.com/countries/algeria
Algeria,algeria,algeria,2025,47435312,https://worldpopulationreview.com/countries/algeria
Algeria,algeria,algeria,2026,48028334,https://worldpopulationreview.com/countries/algeria
American Samoa,american-samoa,american-samoa,2024,46775,https://worldpopulationreview.com/countries/american-samoa
American Samoa,american-samoa,american-samoa,2025,46029,https://worldpopulationreview.com/countries/american-samoa
American Samoa,american-samoa,american-samoa,2026,45319,https://worldpopulationreview.com/countries/american-samoa
Andorra,andorra,andorra,2024,81799,https://worldpopulationreview.com/countries/andorra
Andorra,andorra,andorra,2025,82904,https://worldpopulationreview.com/countries/andorra
Andorra,andorra,andorra,2026,83753,https://worldpopulationreview.com/countries/andorra
Angola,angola,angola,2024,37922258,https://worldpopulationreview.com/countries/angola
Angola,angola,angola,2025,39040039,https://worldpopulationreview.com/countries/angola
Angola,angola,angola,2026,40215179,https://worldpopulationreview.com/countries/angola
Anguilla,anguilla,anguilla,2024,14751,https://worldpopulationreview.com/countries/anguilla
Anguilla,anguilla,anguilla,2025,14728,https://worldpopulationreview.com/countries/anguilla
Anguilla,anguilla,anguilla,2026,14817,https://worldpopulationreview.com/countries/anguilla
Antigua And Barbuda,antigua-and-barbuda,antigua-and-barbuda,2024,93736,https://worldpopulationreview.com/countries/antigua-and-barbuda
Antigua And Barbuda,antigua-and-barbuda,antigua-and-barbuda,2025,94209,https://worldpopulationreview.com/countries/antigua-and-barbuda
Antigua And Barbuda,antigua-and-barbuda,antigua-and-barbuda,2026,94626,https://worldpopulationreview.com/countries/antigua-and-barbuda
Argentina,argentina,argentina,2024,45719495,https://worldpopulationreview.com/countries/argentina
Argentina,argentina,argentina,2025,45851378,https://worldpopulationreview.com/countries/argentina
Argentina,argentina,argentina,2026,46003734,https://worldpopulationreview.com/countries/argentina
Armenia,armenia,armenia,2024,2940070,https://worldpopulationreview.com/countries/armenia
Armenia,armenia,armenia,2025,2952365,https://worldpopulationreview.com/countries/armenia
Armenia,armenia,armenia,2026,2930915,https://worldpopulationreview.com/countries/armenia
Aruba,aruba,aruba,2024,107998,https://worldpopulationreview.com/countries/aruba
Aruba,aruba,aruba,2025,108147,https://worldpopulationreview.com/countries/aruba
Aruba,aruba,aruba,2026,108164,https://worldpopulationreview.com/countries/aruba
Australia,australia,australia,2024,26727979,https://worldpopulationreview.com/countries/australia
Australia,australia,australia,2025,26974026,https://worldpopulationreview.com/countries/australia
Australia,australia,australia,2026,27227096,https://worldpopulationreview.com/countries/australia
Austria,austria,austria,2024,9075140,https://worldpopulationreview.com/countries/austria
Austria,austria,austria,2025,9113574,https://worldpopulationreview.com/countries/austria
Austria,austria,austria,2026,9107266,https://worldpopulationreview.com/countries/austria
Azerbaijan,azerbaijan,azerbaijan,2024,10354516,https://worldpopulationreview.com/countries/azerbaijan
Azerbaijan,azerbaijan,azerbaijan,2025,10397713,https://worldpopulationreview.com/countries/azerbaijan
Azerbaijan,azerbaijan,azerbaijan,2026,10454855,https://worldpopulationreview.com/countries/azerbaijan
Bahamas,bahamas,bahamas,2024,401599,https://worldpopulationreview.com/countries/bahamas
Bahamas,bahamas,bahamas,2025,403033,https://worldpopulationreview.com/countries/bahamas
Bahamas,bahamas,bahamas,2026,404628,https://worldpopulationreview.com/countries/bahamas
Bahrain,bahrain,bahrain,2024,1611281,https://worldpopulationreview.com/countries/bahrain
Bahrain,bahrain,bahrain,2025,1643332,https://worldpopulationreview.com/countries/bahrain
Bahrain,bahrain,bahrain,2026,1675572,https://worldpopulationreview.com/countries/bahrain
Bangladesh,bangladesh,bangladesh,2024,173809124,https://worldpopulationreview.com/countries/bangladesh
Bangladesh,bangladesh,bangladesh,2025,175686899,https://worldpopulationreview.com/countries/bangladesh
Bangladesh,bangladesh,bangladesh,2026,177818044,https://worldpopulationreview.com/countries/bangladesh
Barbados,barbados,barbados,2024,282438,https://worldpopulationreview.com/countries/barbados
Barbados,barbados,barbados,2025,282623,https://worldpopulationreview.com/countries/barbados
Barbados,barbados,barbados,2026,282724,https://worldpopulationreview.com/countries/barbados
Belarus,belarus,belarus,2024,9068271,https://worldpopulationreview.com/countries/belarus
Belarus,belarus,belarus,2025,8997603,https://worldpopulationreview.com/countries/belarus
Belarus,belarus,belarus,2026,8937018,https://worldpopulationreview.com/countries/belarus
Belgium,belgium,belgium,2024,11714904,https://worldpopulationreview.com/countries/belgium
Belgium,belgium,belgium,2025,11758603,https://worldpopulationreview.com/countries/belgium
Belgium,belgium,belgium,2026,11774642,https://worldpopulationreview.com/countries/belgium
Belize,belize,belize,2024,416502,https://worldpopulationreview.com/countries/belize
Belize,belize,belize,2025,422924,https://worldpopulationreview.com/countries/belize
Belize,belize,belize,2026,428644,https://worldpopulationreview.com/countries/belize
Benin,benin,benin,2024,14465602,https://worldpopulationreview.com/countries/benin
Benin,benin,benin,2025,14814460,https://worldpopulationreview.com/countries/benin
Benin,benin,benin,2026,15170419,https://worldpopulationreview.com/countries/benin
Bermuda,bermuda,bermuda,2024,64520,https://worldpopulationreview.com/countries/bermuda
Bermuda,bermuda,bermuda,2025,64555,https://worldpopulationreview.com/countries/bermuda
Bermuda,bermuda,bermuda,2026,64459,https://worldpopulationreview.com/countries/bermuda
Bhutan,bhutan,bhutan,2024,791347,https://worldpopulationreview.com/countries/bhutan
Bhutan,bhutan,bhutan,2025,796682,https://worldpopulationreview.com/countries/bhutan
Bhutan,bhutan,bhutan,2026,802214,https://worldpopulationreview.com/countries/bhutan
Bolivia,bolivia,bolivia,2024,12428734,https://worldpopulationreview.com/countries/bolivia
Bolivia,bolivia,bolivia,2025,12581843,https://worldpopulationreview.com/countries/bolivia
Bolivia,bolivia,bolivia,2026,12749291,https://worldpopulationreview.com/countries/bolivia
Bosnia And Herzegovina,bosnia-and-herzegovina,bosnia-and-herzegovina,2024,3171946,https://worldpopulationreview.com/countries/bosnia-and-herzegovina
Bosnia And Herzegovina,bosnia-and-herzegovina,bosnia-and-herzegovina,2025,3140095,https://worldpopulationreview.com/countries/bosnia-and-herzegovina
Bosnia And Herzegovina,bosnia-and-herzegovina,bosnia-and-herzegovina,2026,3114242,https://worldpopulationreview.com/countries/bosnia-and-herzegovina
Botswana,botswana,botswana,2024,2522876,https://worldpopulationreview.com/countries/botswana
Botswana,botswana,botswana,2025,2562122,https://worldpopulationreview.com/countries/botswana
Botswana,botswana,botswana,2026,2603388,https://worldpopulationreview.com/countries/botswana
Brazil,brazil,brazil,2024,211982092,https://worldpopulationreview.com/countries/brazil
Brazil,brazil,brazil,2025,212812405,https://worldpopulationreview.com/countries/brazil
Brazil,brazil,brazil,2026,213562666,https://worldpopulationreview.com/countries/brazil
British Virgin Islands,british-virgin-islands,british-virgin-islands,2024,39213,https://worldpopulationreview.com/countries/british-virgin-islands
British Virgin Islands,british-virgin-islands,british-virgin-islands,2025,39732,https://worldpopulationreview.com/countries/british-virgin-islands
British Virgin Islands,british-virgin-islands,british-virgin-islands,2026,39936,https://worldpopulationreview.com/countries/british-virgin-islands
Brunei,brunei,brunei,2024,462545,https://worldpopulationreview.com/countries/brunei
Brunei,brunei,brunei,2025,466330,https://worldpopulationreview.com/countries/brunei
Brunei,brunei,brunei,2026,469775,https://worldpopulationreview.com/countries/brunei
Bulgaria,bulgaria,bulgaria,2024,6758378,https://worldpopulationreview.com/countries/bulgaria
Bulgaria,bulgaria,bulgaria,2025,6714560,https://worldpopulationreview.com/countries/bulgaria
Bulgaria,bulgaria,bulgaria,2026,6667659,https://worldpopulationreview.com/countries/bulgaria
Burkina Faso,burkina-faso,burkina-faso,2024,23555402,https://worldpopulationreview.com/countries/burkina-faso
Burkina Faso,burkina-faso,burkina-faso,2025,24074580,https://worldpopulationreview.com/countries/burkina-faso
Burkina Faso,burkina-faso,burkina-faso,2026,24601700,https://worldpopulationreview.com/countries/burkina-faso
Burundi,burundi,burundi,2024,14035410,https://worldpopulationreview.com/countries/burundi
Burundi,burundi,burundi,2025,14390003,https://worldpopulationreview.com/countries/burundi
Burundi,burundi,burundi,2026,14729157,https://worldpopulationreview.com/countries/burundi
Cambodia,cambodia,cambodia,2024,17623480,https://worldpopulationreview.com/countries/cambodia
Cambodia,cambodia,cambodia,2025,17847982,https://worldpopulationreview.com/countries/cambodia
Cambodia,cambodia,cambodia,2026,18051219,https://worldpopulationreview.com/countries/cambodia
Cameroon,cameroon,cameroon,2024,29145581,https://worldpopulationreview.com/countries/cameroon
Cameroon,cameroon,cameroon,2025,29879337,https://worldpopulationreview.com/countries/cameroon
Cameroon,cameroon,cameroon,2026,30640817,https://worldpopulationreview.com/countries/cameroon
Canada,canada,canada,2024,39735759,https://worldpopulationreview.com/countries/canada
Canada,canada,canada,2025,40126723,https://worldpopulationreview.com/countries/canada
Canada,canada,canada,2026,40467728,https://worldpopulationreview.com/countries/canada
Cape Verde,cape-verde,cape-verde,2024,524797,https://worldpopulationreview.com/countries/cape-verde
Cape Verde,cape-verde,cape-verde,2025,527326,https://worldpopulationreview.com/countries/cape-verde
Cape Verde,cape-verde,cape-verde,2026,529630,https://worldpopulationreview.com/countries/cape-verde
Cayman Islands,cayman-islands,cayman-islands,2024,74412,https://worldpopulationreview.com/countries/cayman-islands
Cayman Islands,cayman-islands,cayman-islands,2025,75844,https://worldpopulationreview.com/countries/cayman-islands
Cayman Islands,cayman-islands,cayman-islands,2026,77196,https://worldpopulationreview.com/countries/cayman-islands
Central African Republic,central-african-republic,central-african-republic,2024,5415951,https://worldpopulationreview.com/countries/central-african-republic
Central African Republic,central-african-republic,central-african-republic,2025,5513282,https://worldpopulationreview.com/countries/central-african-republic
Central African Republic,central-african-republic,central-african-republic,2026,5698984,https://worldpopulationreview.com/countries/central-african-republic
Chad,chad,chad,2024,20247900,https://worldpopulationreview.com/countries/chad
Chad,chad,chad,2025,21003705,https://worldpopulationreview.com/countries/chad
Chad,chad,chad,2026,21560380,https://worldpopulationreview.com/countries/chad
Chile,chile,chile,2024,19762062,https://worldpopulationreview.com/countries/chile
Chile,chile,chile,2025,19859921,https://worldpopulationreview.com/countries/chile
Chile,chile,chile,2026,19945850,https://worldpopulationreview.com/countries/chile
China,china,china,2024,1418098094,https://worldpopulationreview.com/countries/china
China,china,china,2025,1416096094,https://worldpopulationreview.com/countries/china
China,china,china,2026,1412914089,https://worldpopulationreview.com/countries/china
Colombia,colombia,colombia,2024,52866507,https://worldpopulationreview.com/countries/colombia
Colombia,colombia,colombia,2025,53425635,https://worldpopulationreview.com/countries/colombia
Colombia,colombia,colombia,2026,53936226,https://worldpopulationreview.com/countries/colombia
Comoros,comoros,comoros,2024,866710,https://worldpopulationreview.com/countries/comoros
Comoros,comoros,comoros,2025,882847,https://worldpopulationreview.com/countries/comoros
Comoros,comoros,comoros,2026,899010,https://worldpopulationreview.com/countries/comoros
Cook Islands,cook-islands,cook-islands,2024,13739,https://worldpopulationreview.com/countries/cook-islands
Cook Islands,cook-islands,cook-islands,2025,13263,https://worldpopulationreview.com/countries/cook-islands
Cook Islands,cook-islands,cook-islands,2026,12826,https://worldpopulationreview.com/countries/cook-islands
Costa Rica,costa-rica,costa-rica,2024,5129224,https://worldpopulationreview.com/countries/costa-rica
Costa Rica,costa-rica,costa-rica,2025,5152950,https://worldpopulationreview.com/countries/costa-rica
Costa Rica,costa-rica,costa-rica,2026,5174789,https://worldpopulationreview.com/countries/costa-rica
Croatia,croatia,croatia,2024,3869320,https://worldpopulationreview.com/countries/croatia
Croatia,croatia,croatia,2025,3848160,https://worldpopulationreview.com/countries/croatia
Croatia,croatia,croatia,2026,3822345,https://worldpopulationreview.com/countries/croatia
Cuba,cuba,cuba,2024,10985033,https://worldpopulationreview.com/countries/cuba
Cuba,cuba,cuba,2025,10937203,https://worldpopulationreview.com/countries/cuba
Cuba,cuba,cuba,2026,10892659,https://worldpopulationreview.com/countries/cuba
Curacao,curacao,curacao,2024,185393,https://worldpopulationreview.com/countries/curacao
Curacao,curacao,curacao,2025,185487,https://worldpopulationreview.com/countries/curacao
Curacao,curacao,curacao,2026,185440,https://worldpopulationreview.com/countries/curacao
Cyprus,cyprus,cyprus,2024,1357053,https://worldpopulationreview.com/countries/cyprus
Cyprus,cyprus,cyprus,2025,1370754,https://worldpopulationreview.com/countries/cyprus
Cyprus,cyprus,cyprus,2026,1382334,https://worldpopulationreview.com/countries/cyprus
Czechia,czechia,czechia,2024,10597417,https://worldpopulationreview.com/countries/czechia
Czechia,czechia,czechia,2025,10609239,https://worldpopulationreview.com/countries/czechia
Czechia,czechia,czechia,2026,10527781,https://worldpopulationreview.com/countries/czechia
Denmark,denmark,denmark,2024,5968312,https://worldpopulationreview.com/countries/denmark
Denmark,denmark,denmark,2025,6002507,https://worldpopulationreview.com/countries/denmark
Denmark,denmark,denmark,2026,6023520,https://worldpopulationreview.com/countries/denmark
Djibouti,djibouti,djibouti,2024,1168298,https://worldpopulationreview.com/countries/djibouti
Djibouti,djibouti,djibouti,2025,1184076,https://worldpopulationreview.com/countries/djibouti
Djibouti,djibouti,djibouti,2026,1199459,https://worldpopulationreview.com/countries/djibouti
Dominica,dominica,dominica,2024,66211,https://worldpopulationreview.com/countries/dominica
Dominica,dominica,dominica,2025,65871,https://worldpopulationreview.com/countries/dominica
Dominica,dominica,dominica,2026,65511,https://worldpopulationreview.com/countries/dominica
Dominican Republic,dominican-republic,dominican-republic,2024,11418050,https://worldpopulationreview.com/countries/dominican-republic
Dominican Republic,dominican-republic,dominican-republic,2025,11520487,https://worldpopulationreview.com/countries/dominican-republic
Dominican Republic,dominican-republic,dominican-republic,2026,11609500,https://worldpopulationreview.com/countries/dominican-republic
Dr Congo,dr-congo,dr-congo,2024,109463978,https://worldpopulationreview.com/countries/dr-congo
Dr Congo,dr-congo,dr-congo,2025,112832473,https://worldpopulationreview.com/countries/dr-congo
Dr Congo,dr-congo,dr-congo,2026,116452162,https://worldpopulationreview.com/countries/dr-congo
Ecuador,ecuador,ecuador,2024,18141130,https://worldpopulationreview.com/countries/ecuador
Ecuador,ecuador,ecuador,2025,18289896,https://worldpopulationreview.com/countries/ecuador
Ecuador,ecuador,ecuador,2026,18444506,https://worldpopulationreview.com/countries/ecuador
Egypt,egypt,egypt,2024,116555821,https://worldpopulationreview.com/countries/egypt
Egypt,egypt,egypt,2025,118365995,https://worldpopulationreview.com/countries/egypt
Egypt,egypt,egypt,2026,120101175,https://worldpopulationreview.com/countries/egypt
El Salvador,el-salvador,el-salvador,2024,6339337,https://worldpopulationreview.com/countries/el-salvador
El Salvador,el-salvador,el-salvador,2025,6365503,https://worldpopulationreview.com/countries/el-salvador
El Salvador,el-salvador,el-salvador,2026,6391253,https://worldpopulationreview.com/countries/el-salvador
Equatorial Guinea,equatorial-guinea,equatorial-guinea,2024,1894038,https://worldpopulationreview.com/countries/equatorial-guinea
Equatorial Guinea,equatorial-guinea,equatorial-guinea,2025,1938431,https://worldpopulationreview.com/countries/equatorial-guinea
Equatorial Guinea,equatorial-guinea,equatorial-guinea,2026,1984468,https://worldpopulationreview.com/countries/equatorial-guinea
Eritrea,eritrea,eritrea,2024,3543857,https://worldpopulationreview.com/countries/eritrea
Eritrea,eritrea,eritrea,2025,3607003,https://worldpopulationreview.com/countries/eritrea
Eritrea,eritrea,eritrea,2026,3682669,https://worldpopulationreview.com/countries/eritrea
Estonia,estonia,estonia,2024,1341319,https://worldpopulationreview.com/countries/estonia
Estonia,estonia,estonia,2025,1344232,https://worldpopulationreview.com/countries/estonia
Estonia,estonia,estonia,2026,1331062,https://worldpopulationreview.com/countries/estonia
Eswatini,eswatini,eswatini,2024,1243485,https://worldpopulationreview.com/countries/eswatini
Eswatini,eswatini,eswatini,2025,1256174,https://worldpopulationreview.com/countries/eswatini
Eswatini,eswatini,eswatini,2026,1269859,https://worldpopulationreview.com/countries/eswatini
Ethiopia,ethiopia,ethiopia,2024,132161175,https://worldpopulationreview.com/countries/ethiopia
Ethiopia,ethiopia,ethiopia,2025,135472051,https://worldpopulationreview.com/countries/ethiopia
Ethiopia,ethiopia,ethiopia,2026,138902185,https://worldpopulationreview.com/countries/ethiopia
Falkland Islands,falkland-islands,falkland-islands,2024,3476,https://worldpopulationreview.com/countries/falkland-islands
Falkland Islands,falkland-islands,falkland-islands,2025,3469,https://worldpopulationreview.com/countries/falkland-islands
Falkland Islands,falkland-islands,falkland-islands,2026,3465,https://worldpopulationreview.com/countries/falkland-islands
Faroe Islands,faroe-islands,faroe-islands,2024,55319,https://worldpopulationreview.com/countries/faroe-islands
Faroe Islands,faroe-islands,faroe-islands,2025,56002,https://worldpopulationreview.com/countries/faroe-islands
Faroe Islands,faroe-islands,faroe-islands,2026,56526,https://worldpopulationreview.com/countries/faroe-islands
Fiji,fiji,fiji,2024,929516,https://worldpopulationreview.com/countries/fiji
Fiji,fiji,fiji,2025,933154,https://worldpopulationreview.com/countries/fiji
Fiji,fiji,fiji,2026,937282,https://worldpopulationreview.com/countries/fiji
Finland,finland,finland,2024,5604586,https://worldpopulationreview.com/countries/finland
Finland,finland,finland,2025,5623329,https://worldpopulationreview.com/countries/finland
Finland,finland,finland,2026,5621739,https://worldpopulationreview.com/countries/finland
France,france,france,2024,66501699,https://worldpopulationreview.com/countries/france
France,france,france,2025,66650804,https://worldpopulationreview.com/countries/france
France,france,france,2026,66746401,https://worldpopulationreview.com/countries/france
French Guiana,french-guiana,french-guiana,2024,308744,https://worldpopulationreview.com/countries/french-guiana
French Guiana,french-guiana,french-guiana,2025,313666,https://worldpopulationreview.com/countries/french-guiana
French Guiana,french-guiana,french-guiana,2026,318872,https://worldpopulationreview.com/countries/french-guiana
French Polynesia,french-polynesia,french-polynesia,2024,281814,https://worldpopulationreview.com/countries/french-polynesia
French Polynesia,french-polynesia,french-polynesia,2025,282465,https://worldpopulationreview.com/countries/french-polynesia
French Polynesia,french-polynesia,french-polynesia,2026,283076,https://worldpopulationreview.com/countries/french-polynesia
Gabon,gabon,gabon,2024,2539012,https://worldpopulationreview.com/countries/gabon
Gabon,gabon,gabon,2025,2593130,https://worldpopulationreview.com/countries/gabon
Gabon,gabon,gabon,2026,2647399,https://worldpopulationreview.com/countries/gabon
Gambia,gambia,gambia,2024,2760821,https://worldpopulationreview.com/countries/gambia
Gambia,gambia,gambia,2025,2822093,https://worldpopulationreview.com/countries/gambia
Gambia,gambia,gambia,2026,2884079,https://worldpopulationreview.com/countries/gambia
Georgia,georgia,georgia,2024,3804472,https://worldpopulationreview.com/countries/georgia
Georgia,georgia,georgia,2025,3806671,https://worldpopulationreview.com/countries/georgia
Georgia,georgia,georgia,2026,3804642,https://worldpopulationreview.com/countries/georgia
Germany,germany,germany,2024,83985802,https://worldpopulationreview.com/countries/germany
Germany,germany,germany,2025,84075075,https://worldpopulationreview.com/countries/germany
Germany,germany,germany,2026,83644258,https://worldpopulationreview.com/countries/germany
Ghana,ghana,ghana,2024,34428979,https://worldpopulationreview.com/countries/ghana
Ghana,ghana,ghana,2025,35064272,https://worldpopulationreview.com/countries/ghana
Ghana,ghana,ghana,2026,35697557,https://worldpopulationreview.com/countries/ghana
Gibraltar,gibraltar,gibraltar,2024,39335,https://worldpopulationreview.com/countries/gibraltar
Gibraltar,gibraltar,gibraltar,2025,40126,https://worldpopulationreview.com/countries/gibraltar
Gibraltar,gibraltar,gibraltar,2026,40867,https://worldpopulationreview.com/countries/gibraltar
Greece,greece,greece,2024,10090949,https://worldpopulationreview.com/countries/greece
Greece,greece,greece,2025,9938844,https://worldpopulationreview.com/countries/greece
Greece,greece,greece,2026,9897115,https://worldpopulationreview.com/countries/greece
Greenland,greenland,greenland,2024,55812,https://worldpopulationreview.com/countries/greenland
Greenland,greenland,greenland,2025,55745,https://worldpopulationreview.com/countries/greenland
Greenland,greenland,greenland,2026,55629,https://worldpopulationreview.com/countries/greenland
Grenada,grenada,grenada,2024,117111,https://worldpopulationreview.com/countries/grenada
Grenada,grenada,grenada,2025,117303,https://worldpopulationreview.com/countries/grenada
Grenada,grenada,grenada,2026,117362,https://worldpopulationreview.com/countries/grenada
Guadeloupe,guadeloupe,guadeloupe,2024,380512,https://worldpopulationreview.com/countries/guadeloupe
Guadeloupe,guadeloupe,guadeloupe,2025,373791,https://worldpopulationreview.com/countries/guadeloupe
Guadeloupe,guadeloupe,guadeloupe,2026,372453,https://worldpopulationreview.com/countries/guadeloupe
Guam,guam,guam,2024,167631,https://worldpopulationreview.com/countries/guam
Guam,guam,guam,2025,168999,https://worldpopulationreview.com/countries/guam
Guam,guam,guam,2026,170185,https://worldpopulationreview.com/countries/guam
Guatemala,guatemala,guatemala,2024,18421770,https://worldpopulationreview.com/countries/guatemala
Guatemala,guatemala,guatemala,2025,18687881,https://worldpopulationreview.com/countries/guatemala
Guatemala,guatemala,guatemala,2026,18967978,https://worldpopulationreview.com/countries/guatemala
Guernsey,guernsey,guernsey,2024,64203,https://worldpopulationreview.com/countries/guernsey
Guernsey,guernsey,guernsey,2025,64477,https://worldpopulationreview.com/countries/guernsey
Guernsey,guernsey,guernsey,2026,64609,https://worldpopulationreview.com/countries/guernsey
Guinea,guinea,guinea,2024,14754018,https://worldpopulationreview.com/countries/guinea
Guinea,guinea,guinea,2025,15099727,https://worldpopulationreview.com/countries/guinea
Guinea,guinea,guinea,2026,15441993,https://worldpopulationreview.com/countries/guinea
Guinea Bissau,guinea-bissau,guinea-bissau,2024,2202263,https://worldpopulationreview.com/countries/guinea-bissau
Guinea Bissau,guinea-bissau,guinea-bissau,2025,2249515,https://worldpopulationreview.com/countries/guinea-bissau
Guinea Bissau,guinea-bissau,guinea-bissau,2026,2297808,https://worldpopulationreview.com/countries/guinea-bissau
Guyana,guyana,guyana,2024,830285,https://worldpopulationreview.com/countries/guyana
Guyana,guyana,guyana,2025,835986,https://worldpopulationreview.com/countries/guyana
Guyana,guyana,guyana,2026,840890,https://worldpopulationreview.com/countries/guyana
Haiti,haiti,haiti,2024,11773646,https://worldpopulationreview.com/countries/haiti
Haiti,haiti,haiti,2025,11906095,https://worldpopulationreview.com/countries/haiti
Haiti,haiti,haiti,2026,12037506,https://worldpopulationreview.com/countries/haiti
Honduras,honduras,honduras,2024,10828608,https://worldpopulationreview.com/countries/honduras
Honduras,honduras,honduras,2025,11005850,https://worldpopulationreview.com/countries/honduras
Honduras,honduras,honduras,2026,11184760,https://worldpopulationreview.com/countries/honduras
Hong Kong,hong-kong,hong-kong,2024,7414908,https://worldpopulationreview.com/countries/hong-kong
Hong Kong,hong-kong,hong-kong,2025,7396076,https://worldpopulationreview.com/countries/hong-kong
Hong Kong,hong-kong,hong-kong,2026,7378602,https://worldpopulationreview.com/countries/hong-kong
Hungary,hungary,hungary,2024,9655721,https://worldpopulationreview.com/countries/hungary
Hungary,hungary,hungary,2025,9632287,https://worldpopulationreview.com/countries/hungary
Hungary,hungary,hungary,2026,9585818,https://worldpopulationreview.com/countries/hungary
Iceland,iceland,iceland,2024,391936,https://worldpopulationreview.com/countries/iceland
Iceland,iceland,iceland,2025,398266,https://worldpopulationreview.com/countries/iceland
Iceland,iceland,iceland,2026,402329,https://worldpopulationreview.com/countries/iceland
India,india,india,2024,1451615959,https://worldpopulationreview.com/countries/india
India,india,india,2025,1463865525,https://worldpopulationreview.com/countries/india
India,india,india,2026,1476625576,https://worldpopulationreview.com/countries/india
Indonesia,indonesia,indonesia,2024,283539962,https://worldpopulationreview.com/countries/indonesia
Indonesia,indonesia,indonesia,2025,285721236,https://worldpopulationreview.com/countries/indonesia
Indonesia,indonesia,indonesia,2026,287886782,https://worldpopulationreview.com/countries/indonesia
Iran,iran,iran,2024,91478833,https://worldpopulationreview.com/countries/iran
Iran,iran,iran,2025,92417681,https://worldpopulationreview.com/countries/iran
Iran,iran,iran,2026,93168497,https://worldpopulationreview.com/countries/iran
Iraq,iraq,iraq,2024,46039940,https://worldpopulationreview.com/countries/iraq
Iraq,iraq,iraq,2025,47020774,https://worldpopulationreview.com/countries/iraq
Iraq,iraq,iraq,2026,48007437,https://worldpopulationreview.com/countries/iraq
Ireland,ireland,ireland,2024,5242952,https://worldpopulationreview.com/countries/ireland
Ireland,ireland,ireland,2025,5308039,https://worldpopulationreview.com/countries/ireland
Ireland,ireland,ireland,2026,5356950,https://worldpopulationreview.com/countries/ireland
Isle Of Man,isle-of-man,isle-of-man,2024,84107,https://worldpopulationreview.com/countries/isle-of-man
Isle Of Man,isle-of-man,isle-of-man,2025,84118,https://worldpopulationreview.com/countries/isle-of-man
Isle Of Man,isle-of-man,isle-of-man,2026,84055,https://worldpopulationreview.com/countries/isle-of-man
Israel,israel,israel,2024,9373820,https://worldpopulationreview.com/countries/israel
Israel,israel,israel,2025,9517181,https://worldpopulationreview.com/countries/israel
Israel,israel,israel,2026,9647689,https://worldpopulationreview.com/countries/israel
Italy,italy,italy,2024,59299562,https://worldpopulationreview.com/countries/italy
Italy,italy,italy,2025,59146260,https://worldpopulationreview.com/countries/italy
Italy,italy,italy,2026,58926166,https://worldpopulationreview.com/countries/italy
Ivory Coast,ivory-coast,ivory-coast,2024,31952327,https://worldpopulationreview.com/countries/ivory-coast
Ivory Coast,ivory-coast,ivory-coast,2025,32711547,https://worldpopulationreview.com/countries/ivory-coast
Ivory Coast,ivory-coast,ivory-coast,2026,33494346,https://worldpopulationreview.com/countries/ivory-coast
Jamaica,jamaica,jamaica,2024,2835809,https://worldpopulationreview.com/countries/jamaica
Jamaica,jamaica,jamaica,2025,2837077,https://worldpopulationreview.com/countries/jamaica
Jamaica,jamaica,jamaica,2026,2833403,https://worldpopulationreview.com/countries/jamaica
Japan,japan,japan,2024,123743692,https://worldpopulationreview.com/countries/japan
Japan,japan,japan,2025,123103479,https://worldpopulationreview.com/countries/japan
Japan,japan,japan,2026,122427731,https://worldpopulationreview.com/countries/japan
Jersey,jersey,jersey,2024,103817,https://worldpopulationreview.com/countries/jersey
Jersey,jersey,jersey,2025,103989,https://worldpopulationreview.com/countries/jersey
Jersey,jersey,jersey,2026,104106,https://worldpopulationreview.com/countries/jersey
Jordan,jordan,jordan,2024,11389593,https://worldpopulationreview.com/countries/jordan
Jordan,jordan,jordan,2025,11520684,https://worldpopulationreview.com/countries/jordan
Jordan,jordan,jordan,2026,11589532,https://worldpopulationreview.com/countries/jordan
Kazakhstan,kazakhstan,kazakhstan,2024,20571427,https://worldpopulationreview.com/countries/kazakhstan
Kazakhstan,kazakhstan,kazakhstan,2025,20843754,https://worldpopulationreview.com/countries/kazakhstan
Kazakhstan,kazakhstan,kazakhstan,2026,21083626,https://worldpopulationreview.com/countries/kazakhstan
Kenya,kenya,kenya,2024,56469461,https://worldpopulationreview.com/countries/kenya
Kenya,kenya,kenya,2025,57532493,https://worldpopulationreview.com/countries/kenya
Kenya,kenya,kenya,2026,58636412,https://worldpopulationreview.com/countries/kenya
Kiribati,kiribati,kiribati,2024,134410,https://worldpopulationreview.com/countries/kiribati
Kiribati,kiribati,kiribati,2025,136488,https://worldpopulationreview.com/countries/kiribati
Kiribati,kiribati,kiribati,2026,138445,https://worldpopulationreview.com/countries/kiribati
Kuwait,kuwait,kuwait,2024,4900891,https://worldpopulationreview.com/countries/kuwait
Kuwait,kuwait,kuwait,2025,5026078,https://worldpopulationreview.com/countries/kuwait
Kuwait,kuwait,kuwait,2026,5102773,https://worldpopulationreview.com/countries/kuwait
Kyrgyzstan,kyrgyzstan,kyrgyzstan,2024,7168855,https://worldpopulationreview.com/countries/kyrgyzstan
Kyrgyzstan,kyrgyzstan,kyrgyzstan,2025,7295034,https://worldpopulationreview.com/countries/kyrgyzstan
Kyrgyzstan,kyrgyzstan,kyrgyzstan,2026,7400465,https://worldpopulationreview.com/countries/kyrgyzstan
Laos,laos,laos,2024,7767743,https://worldpopulationreview.com/countries/laos
Laos,laos,laos,2025,7873046,https://worldpopulationreview.com/countries/laos
Laos,laos,laos,2026,7974017,https://worldpopulationreview.com/countries/laos
Latvia,latvia,latvia,2024,1863072,https://worldpopulationreview.com/countries/latvia
Latvia,latvia,latvia,2025,1853559,https://worldpopulationreview.com/countries/latvia
Latvia,latvia,latvia,2026,1835935,https://worldpopulationreview.com/countries/latvia
Lebanon,lebanon,lebanon,2024,5820016,https://worldpopulationreview.com/countries/lebanon
Lebanon,lebanon,lebanon,2025,5849421,https://worldpopulationreview.com/countries/lebanon
Lebanon,lebanon,lebanon,2026,5897467,https://worldpopulationreview.com/countries/lebanon
Lesotho,lesotho,lesotho,2024,2337805,https://worldpopulationreview.com/countries/lesotho
Lesotho,lesotho,lesotho,2025,2363325,https://worldpopulationreview.com/countries/lesotho
Lesotho,lesotho,lesotho,2026,2389336,https://worldpopulationreview.com/countries/lesotho
Liberia,liberia,liberia,2024,5614857,https://worldpopulationreview.com/countries/liberia
Liberia,liberia,liberia,2025,5731206,https://worldpopulationreview.com/countries/liberia
Liberia,liberia,liberia,2026,5853949,https://worldpopulationreview.com/countries/liberia
Libya,libya,libya,2024,7375924,https://worldpopulationreview.com/countries/libya
Libya,libya,libya,2025,7458555,https://worldpopulationreview.com/countries/libya
Libya,libya,libya,2026,7539851,https://worldpopulationreview.com/countries/libya
Liechtenstein,liechtenstein,liechtenstein,2024,39856,https://worldpopulationreview.com/countries/liechtenstein
Liechtenstein,liechtenstein,liechtenstein,2025,40128,https://worldpopulationreview.com/countries/liechtenstein
Liechtenstein,liechtenstein,liechtenstein,2026,40368,https://worldpopulationreview.com/countries/liechtenstein
Lithuania,lithuania,lithuania,2024,2823268,https://worldpopulationreview.com/countries/lithuania
Lithuania,lithuania,lithuania,2025,2830144,https://worldpopulationreview.com/countries/lithuania
Lithuania,lithuania,lithuania,2026,2797338,https://worldpopulationreview.com/countries/lithuania
Luxembourg,luxembourg,luxembourg,2024,670482,https://worldpopulationreview.com/countries/luxembourg
Luxembourg,luxembourg,luxembourg,2025,680453,https://worldpopulationreview.com/countries/luxembourg
Luxembourg,luxembourg,luxembourg,2026,687448,https://worldpopulationreview.com/countries/luxembourg
Macau,macau,macau,2024,714219,https://worldpopulationreview.com/countries/macau
Macau,macau,macau,2025,722007,https://worldpopulationreview.com/countries/macau
Macau,macau,macau,2026,723188,https://worldpopulationreview.com/countries/macau
Madagascar,madagascar,madagascar,2024,31983254,https://worldpopulationreview.com/countries/madagascar
Madagascar,madagascar,madagascar,2025,32740678,https://worldpopulationreview.com/countries/madagascar
Madagascar,madagascar,madagascar,2026,33522052,https://worldpopulationreview.com/countries/madagascar
Malawi,malawi,malawi,2024,21679674,https://worldpopulationreview.com/countries/malawi
Malawi,malawi,malawi,2025,22216120,https://worldpopulationreview.com/countries/malawi
Malawi,malawi,malawi,2026,22785535,https://worldpopulationreview.com/countries/malawi
Malaysia,malaysia,malaysia,2024,35560182,https://worldpopulationreview.com/countries/malaysia
Malaysia,malaysia,malaysia,2025,35977838,https://worldpopulationreview.com/countries/malaysia
Malaysia,malaysia,malaysia,2026,36385115,https://worldpopulationreview.com/countries/malaysia
Maldives,maldives,maldives,2024,524164,https://worldpopulationreview.com/countries/maldives
Maldives,maldives,maldives,2025,529676,https://worldpopulationreview.com/countries/maldives
Maldives,maldives,maldives,2026,531517,https://worldpopulationreview.com/countries/maldives
Mali,mali,mali,2024,24501824,https://worldpopulationreview.com/countries/mali
Mali,mali,mali,2025,25198821,https://worldpopulationreview.com/countries/mali
Mali,mali,mali,2026,25932275,https://worldpopulationreview.com/countries/mali
Malta,malta,malta,2024,539965,https://worldpopulationreview.com/countries/malta
Malta,malta,malta,2025,545405,https://worldpopulationreview.com/countries/malta
Malta,malta,malta,2026,549011,https://worldpopulationreview.com/countries/malta
Marshall Islands,marshall-islands,marshall-islands,2024,37567,https://worldpopulationreview.com/countries/marshall-islands
Marshall Islands,marshall-islands,marshall-islands,2025,36282,https://worldpopulationreview.com/countries/marshall-islands
Marshall Islands,marshall-islands,marshall-islands,2026,35075,https://worldpopulationreview.com/countries/marshall-islands
Martinique,martinique,martinique,2024,343674,https://worldpopulationreview.com/countries/martinique
Martinique,martinique,martinique,2025,340439,https://worldpopulationreview.com/countries/martinique
Martinique,martinique,martinique,2026,337711,https://worldpopulationreview.com/countries/martinique
Mauritania,mauritania,mauritania,2024,5172078,https://worldpopulationreview.com/countries/mauritania
Mauritania,mauritania,mauritania,2025,5315065,https://worldpopulationreview.com/countries/mauritania
Mauritania,mauritania,mauritania,2026,5461319,https://worldpopulationreview.com/countries/mauritania
Mauritius,mauritius,mauritius,2024,1271269,https://worldpopulationreview.com/countries/mauritius
Mauritius,mauritius,mauritius,2025,1268280,https://worldpopulationreview.com/countries/mauritius
Mauritius,mauritius,mauritius,2026,1265059,https://worldpopulationreview.com/countries/mauritius
Mayotte,mayotte,mayotte,2024,326483,https://worldpopulationreview.com/countries/mayotte
Mayotte,mayotte,mayotte,2025,337011,https://worldpopulationreview.com/countries/mayotte
Mayotte,mayotte,mayotte,2026,347536,https://worldpopulationreview.com/countries/mayotte
Mexico,mexico,mexico,2024,130917331,https://worldpopulationreview.com/countries/mexico
Mexico,mexico,mexico,2025,131946900,https://worldpopulationreview.com/countries/mexico
Mexico,mexico,mexico,2026,132997658,https://worldpopulationreview.com/countries/mexico
Micronesia,micronesia,micronesia,2024,113130,https://worldpopulationreview.com/countries/micronesia
Micronesia,micronesia,micronesia,2025,113683,https://worldpopulationreview.com/countries/micronesia
Micronesia,micronesia,micronesia,2026,114183,https://worldpopulationreview.com/countries/micronesia
Moldova,moldova,moldova,2024,3010711,https://worldpopulationreview.com/countries/moldova
Moldova,moldova,moldova,2025,2996106,https://worldpopulationreview.com/countries/moldova
Moldova,moldova,moldova,2026,2961253,https://worldpopulationreview.com/countries/moldova
Monaco,monaco,monaco,2024,38283,https://worldpopulationreview.com/countries/monaco
Monaco,monaco,monaco,2025,38341,https://worldpopulationreview.com/countries/monaco
Monaco,monaco,monaco,2026,38087,https://worldpopulationreview.com/countries/monaco
Mongolia,mongolia,mongolia,2024,3471837,https://worldpopulationreview.com/countries/mongolia
Mongolia,mongolia,mongolia,2025,3517100,https://worldpopulationreview.com/countries/mongolia
Mongolia,mongolia,mongolia,2026,3556798,https://worldpopulationreview.com/countries/mongolia
Montenegro,montenegro,montenegro,2024,627770,https://worldpopulationreview.com/countries/montenegro
Montenegro,montenegro,montenegro,2025,632729,https://worldpopulationreview.com/countries/montenegro
Montenegro,montenegro,montenegro,2026,626233,https://worldpopulationreview.com/countries/montenegro
Montserrat,montserrat,montserrat,2024,4389,https://worldpopulationreview.com/countries/montserrat
Montserrat,montserrat,montserrat,2025,4359,https://worldpopulationreview.com/countries/montserrat
Montserrat,montserrat,montserrat,2026,4328,https://worldpopulationreview.com/countries/montserrat
Morocco,morocco,morocco,2024,38061458,https://worldpopulationreview.com/countries/morocco
Morocco,morocco,morocco,2025,38430770,https://worldpopulationreview.com/countries/morocco
Morocco,morocco,morocco,2026,38762441,https://worldpopulationreview.com/countries/morocco
Mozambique,mozambique,mozambique,2024,34662060,https://worldpopulationreview.com/countries/mozambique
Mozambique,mozambique,mozambique,2025,35631653,https://worldpopulationreview.com/countries/mozambique
Mozambique,mozambique,mozambique,2026,36639851,https://worldpopulationreview.com/countries/mozambique
Myanmar,myanmar,myanmar,2024,54483823,https://worldpopulationreview.com/countries/myanmar
Myanmar,myanmar,myanmar,2025,54850648,https://worldpopulationreview.com/countries/myanmar
Myanmar,myanmar,myanmar,2026,55184819,https://worldpopulationreview.com/countries/myanmar
Namibia,namibia,namibia,2024,3020005,https://worldpopulationreview.com/countries/namibia
Namibia,namibia,namibia,2025,3092816,https://worldpopulationreview.com/countries/namibia
Namibia,namibia,namibia,2026,3153246,https://worldpopulationreview.com/countries/namibia
Nauru,nauru,nauru,2024,11949,https://worldpopulationreview.com/countries/nauru
Nauru,nauru,nauru,2025,12025,https://worldpopulationreview.com/countries/nauru
Nauru,nauru,nauru,2026,12101,https://worldpopulationreview.com/countries/nauru
Nepal,nepal,nepal,2024,29487809,https://worldpopulationreview.com/countries/nepal
Nepal,nepal,nepal,2025,29618118,https://worldpopulationreview.com/countries/nepal
Nepal,nepal,nepal,2026,29629410,https://worldpopulationreview.com/countries/nepal
Netherlands,netherlands,netherlands,2024,18204801,https://worldpopulationreview.com/countries/netherlands
Netherlands,netherlands,netherlands,2025,18346819,https://worldpopulationreview.com/countries/netherlands
Netherlands,netherlands,netherlands,2026,18448775,https://worldpopulationreview.com/countries/netherlands
New Caledonia,new-caledonia,new-caledonia,2024,293102,https://worldpopulationreview.com/countries/new-caledonia
New Caledonia,new-caledonia,new-caledonia,2025,295333,https://worldpopulationreview.com/countries/new-caledonia
New Caledonia,new-caledonia,new-caledonia,2026,297892,https://worldpopulationreview.com/countries/new-caledonia
New Zealand,new-zealand,new-zealand,2024,5215498,https://worldpopulationreview.com/countries/new-zealand
New Zealand,new-zealand,new-zealand,2025,5251899,https://worldpopulationreview.com/countries/new-zealand
New Zealand,new-zealand,new-zealand,2026,5287479,https://worldpopulationreview.com/countries/new-zealand
Nicaragua,nicaragua,nicaragua,2024,6919055,https://worldpopulationreview.com/countries/nicaragua
Nicaragua,nicaragua,nicaragua,2025,7007502,https://worldpopulationreview.com/countries/nicaragua
Nicaragua,nicaragua,nicaragua,2026,7097329,https://worldpopulationreview.com/countries/nicaragua
Niger,niger,niger,2024,27077787,https://worldpopulationreview.com/countries/niger
Niger,niger,niger,2025,27917831,https://worldpopulationreview.com/countries/niger
Niger,niger,niger,2026,28814878,https://worldpopulationreview.com/countries/niger
Nigeria,nigeria,nigeria,2024,232821462,https://worldpopulationreview.com/countries/nigeria
Nigeria,nigeria,nigeria,2025,237527782,https://worldpopulationreview.com/countries/nigeria
Nigeria,nigeria,nigeria,2026,242431832,https://worldpopulationreview.com/countries/nigeria
Niue,niue,niue,2024,1817,https://worldpopulationreview.com/countries/niue
Niue,niue,niue,2025,1821,https://worldpopulationreview.com/countries/niue
Niue,niue,niue,2026,1822,https://worldpopulationreview.com/countries/niue
North Korea,north-korea,north-korea,2024,26484091,https://worldpopulationreview.com/countries/north-korea
North Korea,north-korea,north-korea,2025,26571036,https://worldpopulationreview.com/countries/north-korea
North Korea,north-korea,north-korea,2026,26633691,https://worldpopulationreview.com/countries/north-korea
North Macedonia,north-macedonia,north-macedonia,2024,1825436,https://worldpopulationreview.com/countries/north-macedonia
North Macedonia,north-macedonia,north-macedonia,2025,1813791,https://worldpopulationreview.com/countries/north-macedonia
North Macedonia,north-macedonia,north-macedonia,2026,1804063,https://worldpopulationreview.com/countries/north-macedonia
Northern Mariana Islands,northern-mariana-islands,northern-mariana-islands,2024,44338,https://worldpopulationreview.com/countries/northern-mariana-islands
Northern Mariana Islands,northern-mariana-islands,northern-mariana-islands,2025,43541,https://worldpopulationreview.com/countries/northern-mariana-islands
Northern Mariana Islands,northern-mariana-islands,northern-mariana-islands,2026,42914,https://worldpopulationreview.com/countries/northern-mariana-islands
Norway,norway,norway,2024,5574312,https://worldpopulationreview.com/countries/norway
Norway,norway,norway,2025,5623071,https://worldpopulationreview.com/countries/norway
Norway,norway,norway,2026,5652989,https://worldpopulationreview.com/countries/norway
Oman,oman,oman,2024,5300252,https://worldpopulationreview.com/countries/oman
Oman,oman,oman,2025,5494691,https://worldpopulationreview.com/countries/oman
Oman,oman,oman,2026,5671458,https://worldpopulationreview.com/countries/oman
Pakistan,pakistan,pakistan,2024,251175992,https://worldpopulationreview.com/countries/pakistan
Pakistan,pakistan,pakistan,2025,255219554,https://worldpopulationreview.com/countries/pakistan
Pakistan,pakistan,pakistan,2026,259299791,https://worldpopulationreview.com/countries/pakistan
Palau,palau,palau,2024,17689,https://worldpopulationreview.com/countries/palau
Palau,palau,palau,2025,17663,https://worldpopulationreview.com/countries/palau
Palau,palau,palau,2026,17614,https://worldpopulationreview.com/countries/palau
Palestine,palestine,palestine,2024,5485637,https://worldpopulationreview.com/countries/palestine
Palestine,palestine,palestine,2025,5589623,https://worldpopulationreview.com/countries/palestine
Palestine,palestine,palestine,2026,5692790,https://worldpopulationreview.com/countries/palestine
Panama,panama,panama,2024,4515603,https://worldpopulationreview.com/countries/panama
Panama,panama,panama,2025,4571189,https://worldpopulationreview.com/countries/panama
Panama,panama,panama,2026,4625718,https://worldpopulationreview.com/countries/panama
Papua New Guinea,papua-new-guinea,papua-new-guinea,2024,10573403,https://worldpopulationreview.com/countries/papua-new-guinea
Papua New Guinea,papua-new-guinea,papua-new-guinea,2025,10762817,https://worldpopulationreview.com/countries/papua-new-guinea
Papua New Guinea,papua-new-guinea,papua-new-guinea,2026,10947848,https://worldpopulationreview.com/countries/papua-new-guinea
Paraguay,paraguay,paraguay,2024,6931210,https://worldpopulationreview.com/countries/paraguay
Paraguay,paraguay,paraguay,2025,7013078,https://worldpopulationreview.com/countries/paraguay
Paraguay,paraguay,paraguay,2026,7095279,https://worldpopulationreview.com/countries/paraguay
Peru,peru,peru,2024,34229048,https://worldpopulationreview.com/countries/peru
Peru,peru,peru,2025,34576665,https://worldpopulationreview.com/countries/peru
Peru,peru,peru,2026,34922148,https://worldpopulationreview.com/countries/peru
Philippines,philippines,philippines,2024,115845822,https://worldpopulationreview.com/countries/philippines
Philippines,philippines,philippines,2025,116786962,https://worldpopulationreview.com/countries/philippines
Philippines,philippines,philippines,2026,117724471,https://worldpopulationreview.com/countries/philippines
Poland,poland,poland,2024,38146930,https://worldpopulationreview.com/countries/poland
Poland,poland,poland,2025,38140910,https://worldpopulationreview.com/countries/poland
Poland,poland,poland,2026,37843188,https://worldpopulationreview.com/countries/poland
Portugal,portugal,portugal,2024,10403571,https://worldpopulationreview.com/countries/portugal
Portugal,portugal,portugal,2025,10411834,https://worldpopulationreview.com/countries/portugal
Portugal,portugal,portugal,2026,10395362,https://worldpopulationreview.com/countries/portugal
Puerto Rico,puerto-rico,puerto-rico,2024,3243392,https://worldpopulationreview.com/countries/puerto-rico
Puerto Rico,puerto-rico,puerto-rico,2025,3235289,https://worldpopulationreview.com/countries/puerto-rico
Puerto Rico,puerto-rico,puerto-rico,2026,3222688,https://worldpopulationreview.com/countries/puerto-rico
Qatar,qatar,qatar,2024,3053386,https://worldpopulationreview.com/countries/qatar
Qatar,qatar,qatar,2025,3115889,https://worldpopulationreview.com/countries/qatar
Qatar,qatar,qatar,2026,3173559,https://worldpopulationreview.com/countries/qatar
Republic Of The Congo,republic-of-the-congo,republic-of-the-congo,2024,6338108,https://worldpopulationreview.com/countries/republic-of-the-congo
Republic Of The Congo,republic-of-the-congo,republic-of-the-congo,2025,6484437,https://worldpopulationreview.com/countries/republic-of-the-congo
Republic Of The Congo,republic-of-the-congo,republic-of-the-congo,2026,6637785,https://worldpopulationreview.com/countries/republic-of-the-congo
Reunion,reunion,reunion,2024,878213,https://worldpopulationreview.com/countries/reunion
Reunion,reunion,reunion,2025,882405,https://worldpopulationreview.com/countries/reunion
Reunion,reunion,reunion,2026,886298,https://worldpopulationreview.com/countries/reunion
Romania,romania,romania,2024,19005414,https://worldpopulationreview.com/countries/romania
Romania,romania,romania,2025,18908650,https://worldpopulationreview.com/countries/romania
Romania,romania,romania,2026,18800605,https://worldpopulationreview.com/countries/romania
Russia,russia,russia,2024,144472174,https://worldpopulationreview.com/countries/russia
Russia,russia,russia,2025,143997393,https://worldpopulationreview.com/countries/russia
Russia,russia,russia,2026,143394458,https://worldpopulationreview.com/countries/russia
Rwanda,rwanda,rwanda,2024,14268640,https://worldpopulationreview.com/countries/rwanda
Rwanda,rwanda,rwanda,2025,14569341,https://worldpopulationreview.com/countries/rwanda
Rwanda,rwanda,rwanda,2026,14889693,https://worldpopulationreview.com/countries/rwanda
Saint Barthelemy,saint-barthelemy,saint-barthelemy,2024,11240,https://worldpopulationreview.com/countries/saint-barthelemy
Saint Barthelemy,saint-barthelemy,saint-barthelemy,2025,11414,https://worldpopulationreview.com/countries/saint-barthelemy
Saint Barthelemy,saint-barthelemy,saint-barthelemy,2026,11550,https://worldpopulationreview.com/countries/saint-barthelemy
Saint Helena Ascension And Tristan Da Cunha,saint-helena-ascension-and-tristan-da-cunha,saint-helena-ascension-and-tristan-da-cunha,2024,5244,https://worldpopulationreview.com/countries/saint-helena-ascension-and-tristan-da-cunha
Saint Helena Ascension And Tristan Da Cunha,saint-helena-ascension-and-tristan-da-cunha,saint-helena-ascension-and-tristan-da-cunha,2025,5197,https://worldpopulationreview.com/countries/saint-helena-ascension-and-tristan-da-cunha
Saint Helena Ascension And Tristan Da Cunha,saint-helena-ascension-and-tristan-da-cunha,saint-helena-ascension-and-tristan-da-cunha,2026,5147,https://worldpopulationreview.com/countries/saint-helena-ascension-and-tristan-da-cunha
Saint Kitts And Nevis,saint-kitts-and-nevis,saint-kitts-and-nevis,2024,46912,https://worldpopulationreview.com/countries/saint-kitts-and-nevis
Saint Kitts And Nevis,saint-kitts-and-nevis,saint-kitts-and-nevis,2025,46922,https://worldpopulationreview.com/countries/saint-kitts-and-nevis
Saint Kitts And Nevis,saint-kitts-and-nevis,saint-kitts-and-nevis,2026,46992,https://worldpopulationreview.com/countries/saint-kitts-and-nevis
Saint Lucia,saint-lucia,saint-lucia,2024,179769,https://worldpopulationreview.com/countries/saint-lucia
Saint Lucia,saint-lucia,saint-lucia,2025,180149,https://worldpopulationreview.com/countries/saint-lucia
Saint Lucia,saint-lucia,saint-lucia,2026,180488,https://worldpopulationreview.com/countries/saint-lucia
Saint Martin,saint-martin,saint-martin,2024,26310,https://worldpopulationreview.com/countries/saint-martin
Saint Martin,saint-martin,saint-martin,2025,24941,https://worldpopulationreview.com/countries/saint-martin
Saint Martin,saint-martin,saint-martin,2026,23898,https://worldpopulationreview.com/countries/saint-martin
Saint Pierre And Miquelon,saint-pierre-and-miquelon,saint-pierre-and-miquelon,2024,5625,https://worldpopulationreview.com/countries/saint-pierre-and-miquelon
Saint Pierre And Miquelon,saint-pierre-and-miquelon,saint-pierre-and-miquelon,2025,5574,https://worldpopulationreview.com/countries/saint-pierre-and-miquelon
Saint Pierre And Miquelon,saint-pierre-and-miquelon,saint-pierre-and-miquelon,2026,5513,https://worldpopulationreview.com/countries/saint-pierre-and-miquelon
Saint Vincent And The Grenadines,saint-vincent-and-the-grenadines,saint-vincent-and-the-grenadines,2024,100644,https://worldpopulationreview.com/countries/saint-vincent-and-the-grenadines
Saint Vincent And The Grenadines,saint-vincent-and-the-grenadines,saint-vincent-and-the-grenadines,2025,99924,https://worldpopulationreview.com/countries/saint-vincent-and-the-grenadines
Saint Vincent And The Grenadines,saint-vincent-and-the-grenadines,saint-vincent-and-the-grenadines,2026,99245,https://worldpopulationreview.com/countries/saint-vincent-and-the-grenadines
Samoa,samoa,samoa,2024,217834,https://worldpopulationreview.com/countries/samoa
Samoa,samoa,samoa,2025,219306,https://worldpopulationreview.com/countries/samoa
Samoa,samoa,samoa,2026,220528,https://worldpopulationreview.com/countries/samoa
San Marino,san-marino,san-marino,2024,33811,https://worldpopulationreview.com/countries/san-marino
San Marino,san-marino,san-marino,2025,33572,https://worldpopulationreview.com/countries/san-marino
San Marino,san-marino,san-marino,2026,33605,https://worldpopulationreview.com/countries/san-marino
Sao Tome And Principe,sao-tome-and-principe,sao-tome-and-principe,2024,235690,https://worldpopulationreview.com/countries/sao-tome-and-principe
Sao Tome And Principe,sao-tome-and-principe,sao-tome-and-principe,2025,240254,https://worldpopulationreview.com/countries/sao-tome-and-principe
Sao Tome And Principe,sao-tome-and-principe,sao-tome-and-principe,2026,244994,https://worldpopulationreview.com/countries/sao-tome-and-principe
Saudi Arabia,saudi-arabia,saudi-arabia,2024,33851304,https://worldpopulationreview.com/countries/saudi-arabia
Saudi Arabia,saudi-arabia,saudi-arabia,2025,34566328,https://worldpopulationreview.com/countries/saudi-arabia
Saudi Arabia,saudi-arabia,saudi-arabia,2026,35165787,https://worldpopulationreview.com/countries/saudi-arabia
Senegal,senegal,senegal,2024,18503417,https://worldpopulationreview.com/countries/senegal
Senegal,senegal,senegal,2025,18931966,https://worldpopulationreview.com/countries/senegal
Senegal,senegal,senegal,2026,19366548,https://worldpopulationreview.com/countries/senegal
Serbia,serbia,serbia,2024,6732794,https://worldpopulationreview.com/countries/serbia
Serbia,serbia,serbia,2025,6689039,https://worldpopulationreview.com/countries/serbia
Serbia,serbia,serbia,2026,6641964,https://worldpopulationreview.com/countries/serbia
Seychelles,seychelles,seychelles,2024,130281,https://worldpopulationreview.com/countries/seychelles
Seychelles,seychelles,seychelles,2025,132779,https://worldpopulationreview.com/countries/seychelles
Seychelles,seychelles,seychelles,2026,134959,https://worldpopulationreview.com/countries/seychelles
Sierra Leone,sierra-leone,sierra-leone,2024,8638347,https://worldpopulationreview.com/countries/sierra-leone
Sierra Leone,sierra-leone,sierra-leone,2025,8819794,https://worldpopulationreview.com/countries/sierra-leone
Sierra Leone,sierra-leone,sierra-leone,2026,8996745,https://worldpopulationreview.com/countries/sierra-leone
Singapore,singapore,singapore,2024,5820630,https://worldpopulationreview.com/countries/singapore
Singapore,singapore,singapore,2025,5870750,https://worldpopulationreview.com/countries/singapore
Singapore,singapore,singapore,2026,5905748,https://worldpopulationreview.com/countries/singapore
Sint Maarten,sint-maarten,sint-maarten,2024,43340,https://worldpopulationreview.com/countries/sint-maarten
Sint Maarten,sint-maarten,sint-maarten,2025,43923,https://worldpopulationreview.com/countries/sint-maarten
Sint Maarten,sint-maarten,sint-maarten,2026,44447,https://worldpopulationreview.com/countries/sint-maarten
Slovakia,slovakia,slovakia,2024,5470910,https://worldpopulationreview.com/countries/slovakia
Slovakia,slovakia,slovakia,2025,5474881,https://worldpopulationreview.com/countries/slovakia
Slovakia,slovakia,slovakia,2026,5451342,https://worldpopulationreview.com/countries/slovakia
Slovenia,slovenia,slovenia,2024,2114141,https://worldpopulationreview.com/countries/slovenia
Slovenia,slovenia,slovenia,2025,2117072,https://worldpopulationreview.com/countries/slovenia
Slovenia,slovenia,slovenia,2026,2114573,https://worldpopulationreview.com/countries/slovenia
Solomon Islands,solomon-islands,solomon-islands,2024,819816,https://worldpopulationreview.com/countries/solomon-islands
Solomon Islands,solomon-islands,solomon-islands,2025,838645,https://worldpopulationreview.com/countries/solomon-islands
Solomon Islands,solomon-islands,solomon-islands,2026,858288,https://worldpopulationreview.com/countries/solomon-islands
Somalia,somalia,somalia,2024,19054029,https://worldpopulationreview.com/countries/somalia
Somalia,somalia,somalia,2025,19654739,https://worldpopulationreview.com/countries/somalia
Somalia,somalia,somalia,2026,20305907,https://worldpopulationreview.com/countries/somalia
South Africa,south-africa,south-africa,2024,63910331,https://worldpopulationreview.com/countries/south-africa
South Africa,south-africa,south-africa,2025,64747319,https://worldpopulationreview.com/countries/south-africa
South Africa,south-africa,south-africa,2026,65453084,https://worldpopulationreview.com/countries/south-africa
South Korea,south-korea,south-korea,2024,51705320,https://worldpopulationreview.com/countries/south-korea
South Korea,south-korea,south-korea,2025,51667029,https://worldpopulationreview.com/countries/south-korea
South Korea,south-korea,south-korea,2026,51600388,https://worldpopulationreview.com/countries/south-korea
South Sudan,south-sudan,south-sudan,2024,11890724,https://worldpopulationreview.com/countries/south-sudan
South Sudan,south-sudan,south-sudan,2025,12188788,https://worldpopulationreview.com/countries/south-sudan
South Sudan,south-sudan,south-sudan,2026,12436037,https://worldpopulationreview.com/countries/south-sudan
Spain,spain,spain,2024,47847864,https://worldpopulationreview.com/countries/spain
Spain,spain,spain,2025,47889958,https://worldpopulationreview.com/countries/spain
Spain,spain,spain,2026,47850793,https://worldpopulationreview.com/countries/spain
Sri Lanka,sri-lanka,sri-lanka,2024,23095937,https://worldpopulationreview.com/countries/sri-lanka
Sri Lanka,sri-lanka,sri-lanka,2025,23229470,https://worldpopulationreview.com/countries/sri-lanka
Sri Lanka,sri-lanka,sri-lanka,2026,23348315,https://worldpopulationreview.com/countries/sri-lanka
Sudan,sudan,sudan,2024,50687564,https://worldpopulationreview.com/countries/sudan
Sudan,sudan,sudan,2025,51662147,https://worldpopulationreview.com/countries/sudan
Sudan,sudan,sudan,2026,53282719,https://worldpopulationreview.com/countries/sudan
Suriname,suriname,suriname,2024,634343,https://worldpopulationreview.com/countries/suriname
Suriname,suriname,suriname,2025,639850,https://worldpopulationreview.com/countries/suriname
Suriname,suriname,suriname,2026,645256,https://worldpopulationreview.com/countries/suriname
Sweden,sweden,sweden,2024,10596044,https://worldpopulationreview.com/countries/sweden
Sweden,sweden,sweden,2025,10656633,https://worldpopulationreview.com/countries/sweden
Sweden,sweden,sweden,2026,10701047,https://worldpopulationreview.com/countries/sweden
Switzerland,switzerland,switzerland,2024,8902042,https://worldpopulationreview.com/countries/switzerland
Switzerland,switzerland,switzerland,2025,8967407,https://worldpopulationreview.com/countries/switzerland
Switzerland,switzerland,switzerland,2026,9007798,https://worldpopulationreview.com/countries/switzerland
Syria,syria,syria,2024,24706227,https://worldpopulationreview.com/countries/syria
Syria,syria,syria,2025,25620427,https://worldpopulationreview.com/countries/syria
Syria,syria,syria,2026,26472497,https://worldpopulationreview.com/countries/syria
Taiwan,taiwan,taiwan,2024,23222926,https://worldpopulationreview.com/countries/taiwan
Taiwan,taiwan,taiwan,2025,23112793,https://worldpopulationreview.com/countries/taiwan
Taiwan,taiwan,taiwan,2026,23011292,https://worldpopulationreview.com/countries/taiwan
Tajikistan,tajikistan,tajikistan,2024,10579249,https://worldpopulationreview.com/countries/tajikistan
Tajikistan,tajikistan,tajikistan,2025,10786734,https://worldpopulationreview.com/countries/tajikistan
Tajikistan,tajikistan,tajikistan,2026,10978599,https://worldpopulationreview.com/countries/tajikistan
Tanzania,tanzania,tanzania,2024,68631252,https://worldpopulationreview.com/countries/tanzania
Tanzania,tanzania,tanzania,2025,70545865,https://worldpopulationreview.com/countries/tanzania
Tanzania,tanzania,tanzania,2026,72563780,https://worldpopulationreview.com/countries/tanzania
Thailand,thailand,thailand,2024,71624187,https://worldpopulationreview.com/countries/thailand
Thailand,thailand,thailand,2025,71619863,https://worldpopulationreview.com/countries/thailand
Thailand,thailand,thailand,2026,71559614,https://worldpopulationreview.com/countries/thailand
Timor Leste,timor-leste,timor-leste,2024,1400024,https://worldpopulationreview.com/countries/timor-leste
Timor Leste,timor-leste,timor-leste,2025,1418517,https://worldpopulationreview.com/countries/timor-leste
Timor Leste,timor-leste,timor-leste,2026,1436923,https://worldpopulationreview.com/countries/timor-leste
Togo,togo,togo,2024,9511230,https://worldpopulationreview.com/countries/togo
Togo,togo,togo,2025,9721608,https://worldpopulationreview.com/countries/togo
Togo,togo,togo,2026,9930918,https://worldpopulationreview.com/countries/togo
Tokelau,tokelau,tokelau,2024,2512,https://worldpopulationreview.com/countries/tokelau
Tokelau,tokelau,tokelau,2025,2608,https://worldpopulationreview.com/countries/tokelau
Tokelau,tokelau,tokelau,2026,2691,https://worldpopulationreview.com/countries/tokelau
Tonga,tonga,tonga,2024,104134,https://worldpopulationreview.com/countries/tonga
Tonga,tonga,tonga,2025,103742,https://worldpopulationreview.com/countries/tonga
Tonga,tonga,tonga,2026,103291,https://worldpopulationreview.com/countries/tonga
Trinidad And Tobago,trinidad-and-tobago,trinidad-and-tobago,2024,1505129,https://worldpopulationreview.com/countries/trinidad-and-tobago
Trinidad And Tobago,trinidad-and-tobago,trinidad-and-tobago,2025,1511155,https://worldpopulationreview.com/countries/trinidad-and-tobago
Trinidad And Tobago,trinidad-and-tobago,trinidad-and-tobago,2026,1513268,https://worldpopulationreview.com/countries/trinidad-and-tobago
Tunisia,tunisia,tunisia,2024,12273670,https://worldpopulationreview.com/countries/tunisia
Tunisia,tunisia,tunisia,2025,12348573,https://worldpopulationreview.com/countries/tunisia
Tunisia,tunisia,tunisia,2026,12415138,https://worldpopulationreview.com/countries/tunisia
Turkey,turkey,turkey,2024,87366679,https://worldpopulationreview.com/countries/turkey
Turkey,turkey,turkey,2025,87685426,https://worldpopulationreview.com/countries/turkey
Turkey,turkey,turkey,2026,87926082,https://worldpopulationreview.com/countries/turkey
Turkmenistan,turkmenistan,turkmenistan,2024,7485060,https://worldpopulationreview.com/countries/turkmenistan
Turkmenistan,turkmenistan,turkmenistan,2025,7618847,https://worldpopulationreview.com/countries/turkmenistan
Turkmenistan,turkmenistan,turkmenistan,2026,7736632,https://worldpopulationreview.com/countries/turkmenistan
Turks And Caicos Islands,turks-and-caicos-islands,turks-and-caicos-islands,2024,46361,https://worldpopulationreview.com/countries/turks-and-caicos-islands
Turks And Caicos Islands,turks-and-caicos-islands,turks-and-caicos-islands,2025,46855,https://worldpopulationreview.com/countries/turks-and-caicos-islands
Turks And Caicos Islands,turks-and-caicos-islands,turks-and-caicos-islands,2026,47148,https://worldpopulationreview.com/countries/turks-and-caicos-islands
Tuvalu,tuvalu,tuvalu,2024,9673,https://worldpopulationreview.com/countries/tuvalu
Tuvalu,tuvalu,tuvalu,2025,9492,https://worldpopulationreview.com/countries/tuvalu
Tuvalu,tuvalu,tuvalu,2026,9362,https://worldpopulationreview.com/countries/tuvalu
Uganda,uganda,uganda,2024,49999346,https://worldpopulationreview.com/countries/uganda
Uganda,uganda,uganda,2025,51384894,https://worldpopulationreview.com/countries/uganda
Uganda,uganda,uganda,2026,52761469,https://worldpopulationreview.com/countries/uganda
Ukraine,ukraine,ukraine,2024,40120304,https://worldpopulationreview.com/countries/ukraine
Ukraine,ukraine,ukraine,2025,38980376,https://worldpopulationreview.com/countries/ukraine
Ukraine,ukraine,ukraine,2026,39535849,https://worldpopulationreview.com/countries/ukraine
United Arab Emirates,united-arab-emirates,united-arab-emirates,2024,10966505,https://worldpopulationreview.com/countries/united-arab-emirates
United Arab Emirates,united-arab-emirates,united-arab-emirates,2025,11346000,https://worldpopulationreview.com/countries/united-arab-emirates
United Arab Emirates,united-arab-emirates,united-arab-emirates,2026,11574682,https://worldpopulationreview.com/countries/united-arab-emirates
United Kingdom,united-kingdom,united-kingdom,2024,69111438,https://worldpopulationreview.com/countries/united-kingdom
United Kingdom,united-kingdom,united-kingdom,2025,69551332,https://worldpopulationreview.com/countries/united-kingdom
United Kingdom,united-kingdom,united-kingdom,2026,69931528,https://worldpopulationreview.com/countries/united-kingdom
United States,united-states,united-states,2024,345707877,https://worldpopulationreview.com/countries/united-states
United States,united-states,united-states,2025,347275807,https://worldpopulationreview.com/countries/united-states
United States,united-states,united-states,2026,349035494,https://worldpopulationreview.com/countries/united-states
United States Virgin Islands,united-states-virgin-islands,united-states-virgin-islands,2024,84852,https://worldpopulationreview.com/countries/united-states-virgin-islands
United States Virgin Islands,united-states-virgin-islands,united-states-virgin-islands,2025,84138,https://worldpopulationreview.com/countries/united-states-virgin-islands
United States Virgin Islands,united-states-virgin-islands,united-states-virgin-islands,2026,83400,https://worldpopulationreview.com/countries/united-states-virgin-islands
Uruguay,uruguay,uruguay,2024,3387544,https://worldpopulationreview.com/countries/uruguay
Uruguay,uruguay,uruguay,2025,3384688,https://worldpopulationreview.com/countries/uruguay
Uruguay,uruguay,uruguay,2026,3382537,https://worldpopulationreview.com/countries/uruguay
Uzbekistan,uzbekistan,uzbekistan,2024,36360017,https://worldpopulationreview.com/countries/uzbekistan
Uzbekistan,uzbekistan,uzbekistan,2025,37053428,https://worldpopulationreview.com/countries/uzbekistan
Uzbekistan,uzbekistan,uzbekistan,2026,37724223,https://worldpopulationreview.com/countries/uzbekistan
Vanuatu,vanuatu,vanuatu,2024,327907,https://worldpopulationreview.com/countries/vanuatu
Vanuatu,vanuatu,vanuatu,2025,335169,https://worldpopulationreview.com/countries/vanuatu
Vanuatu,vanuatu,vanuatu,2026,342564,https://worldpopulationreview.com/countries/vanuatu
Vatican City,vatican-city,vatican-city,2024,506,https://worldpopulationreview.com/countries/vatican-city
Vatican City,vatican-city,vatican-city,2025,501,https://worldpopulationreview.com/countries/vatican-city
Vatican City,vatican-city,vatican-city,2026,506,https://worldpopulationreview.com/countries/vatican-city
Venezuela,venezuela,venezuela,2024,28502332,https://worldpopulationreview.com/countries/venezuela
Venezuela,venezuela,venezuela,2025,28516896,https://worldpopulationreview.com/countries/venezuela
Venezuela,venezuela,venezuela,2026,28633711,https://worldpopulationreview.com/countries/venezuela
Vietnam,vietnam,vietnam,2024,100894660,https://worldpopulationreview.com/countries/vietnam
Vietnam,vietnam,vietnam,2025,101598527,https://worldpopulationreview.com/countries/vietnam
Vietnam,vietnam,vietnam,2026,102177431,https://worldpopulationreview.com/countries/vietnam
Wallis And Futuna,wallis-and-futuna,wallis-and-futuna,2024,11278,https://worldpopulationreview.com/countries/wallis-and-futuna
Wallis And Futuna,wallis-and-futuna,wallis-and-futuna,2025,11194,https://worldpopulationreview.com/countries/wallis-and-futuna
Wallis And Futuna,wallis-and-futuna,wallis-and-futuna,2026,11113,https://worldpopulationreview.com/countries/wallis-and-futuna
Western Sahara,western-sahara,western-sahara,2024,590596,https://worldpopulationreview.com/countries/western-sahara
Western Sahara,western-sahara,western-sahara,2025,600904,https://worldpopulationreview.com/countries/western-sahara
Western Sahara,western-sahara,western-sahara,2026,610813,https://worldpopulationreview.com/countries/western-sahara
Yemen,yemen,yemen,2024,40646075,https://worldpopulationreview.com/countries/yemen
Yemen,yemen,yemen,2025,41773878,https://worldpopulationreview.com/countries/yemen
Yemen,yemen,yemen,2026,42961653,https://worldpopulationreview.com/countries/yemen
Zambia,zambia,zambia,2024,21342978,https://worldpopulationreview.com/countries/zambia
Zambia,zambia,zambia,2025,21913874,https://worldpopulationreview.com/countries/zambia
Zambia,zambia,zambia,2026,22521915,https://worldpopulationreview.com/countries/zambia
Zimbabwe,zimbabwe,zimbabwe,2024,16666014,https://worldpopulationreview.com/countries/zimbabwe
Zimbabwe,zimbabwe,zimbabwe,2025,16950795,https://worldpopulationreview.com/countries/zimbabwe
Zimbabwe,zimbabwe,zimbabwe,2026,17273580,https://worldpopulationreview.com/countries/zimbabwe
